--------------------------------------------------------
--  파일이 생성됨 - 월요일-9월-12-2022   
--------------------------------------------------------
--------------------------------------------------------
--  DDL for Table ATTACHMENT
--------------------------------------------------------

  CREATE TABLE "SHOPMASTER"."ATTACHMENT" 
   (	"ATT_NO" NUMBER, 
	"ATT_NAME" VARCHAR2(100 BYTE), 
	"ATT_DATE" DATE DEFAULT SYSDATE, 
	"ATT_LEVEL" NUMBER(1,0), 
	"ATT_STATUS" CHAR(1 BYTE) DEFAULT 'Y', 
	"PRODUCT_NO" NUMBER
   ) SEGMENT CREATION IMMEDIATE 
  PCTFREE 10 PCTUSED 40 INITRANS 1 MAXTRANS 255 NOCOMPRESS LOGGING
  STORAGE(INITIAL 65536 NEXT 1048576 MINEXTENTS 1 MAXEXTENTS 2147483645
  PCTINCREASE 0 FREELISTS 1 FREELIST GROUPS 1 BUFFER_POOL DEFAULT FLASH_CACHE DEFAULT CELL_FLASH_CACHE DEFAULT)
  TABLESPACE "SYSTEM" ;
--------------------------------------------------------
--  DDL for Table BANK
--------------------------------------------------------

  CREATE TABLE "SHOPMASTER"."BANK" 
   (	"BANK_CODE" VARCHAR2(30 BYTE), 
	"BANK_NAME" VARCHAR2(30 BYTE)
   ) SEGMENT CREATION IMMEDIATE 
  PCTFREE 10 PCTUSED 40 INITRANS 1 MAXTRANS 255 NOCOMPRESS LOGGING
  STORAGE(INITIAL 65536 NEXT 1048576 MINEXTENTS 1 MAXEXTENTS 2147483645
  PCTINCREASE 0 FREELISTS 1 FREELIST GROUPS 1 BUFFER_POOL DEFAULT FLASH_CACHE DEFAULT CELL_FLASH_CACHE DEFAULT)
  TABLESPACE "SYSTEM" ;
--------------------------------------------------------
--  DDL for Table CART
--------------------------------------------------------

  CREATE TABLE "SHOPMASTER"."CART" 
   (	"CART_NO" NUMBER, 
	"MEMBER_NO" NUMBER, 
	"CART_QUANTITY" NUMBER, 
	"CART_SIZE" CHAR(1 BYTE), 
	"PRODUCT_NO" NUMBER
   ) SEGMENT CREATION IMMEDIATE 
  PCTFREE 10 PCTUSED 40 INITRANS 1 MAXTRANS 255 NOCOMPRESS LOGGING
  STORAGE(INITIAL 65536 NEXT 1048576 MINEXTENTS 1 MAXEXTENTS 2147483645
  PCTINCREASE 0 FREELISTS 1 FREELIST GROUPS 1 BUFFER_POOL DEFAULT FLASH_CACHE DEFAULT CELL_FLASH_CACHE DEFAULT)
  TABLESPACE "SYSTEM" ;
--------------------------------------------------------
--  DDL for Table MEMBER
--------------------------------------------------------

  CREATE TABLE "SHOPMASTER"."MEMBER" 
   (	"MEMBER_NO" NUMBER, 
	"MEMBER_ID" VARCHAR2(30 BYTE), 
	"MEMBER_NICKNAME" VARCHAR2(30 BYTE), 
	"MEMBER_PW" VARCHAR2(100 BYTE), 
	"MEMBER_NAME" VARCHAR2(15 BYTE), 
	"EMAIL" VARCHAR2(30 BYTE), 
	"PHONE" VARCHAR2(13 BYTE), 
	"ADDRESS" VARCHAR2(300 BYTE), 
	"ENROLL_DATE" DATE DEFAULT SYSDATE, 
	"BRAND_NAME" VARCHAR2(30 BYTE) DEFAULT '중고', 
	"ACCOUNT_NUMBER" VARCHAR2(30 BYTE), 
	"LOGIN_TYPE" NUMBER, 
	"BANK_CODE" VARCHAR2(30 BYTE)
   ) SEGMENT CREATION IMMEDIATE 
  PCTFREE 10 PCTUSED 40 INITRANS 1 MAXTRANS 255 NOCOMPRESS LOGGING
  STORAGE(INITIAL 65536 NEXT 1048576 MINEXTENTS 1 MAXEXTENTS 2147483645
  PCTINCREASE 0 FREELISTS 1 FREELIST GROUPS 1 BUFFER_POOL DEFAULT FLASH_CACHE DEFAULT CELL_FLASH_CACHE DEFAULT)
  TABLESPACE "SYSTEM" ;
--------------------------------------------------------
--  DDL for Table O_ORDER
--------------------------------------------------------

  CREATE TABLE "SHOPMASTER"."O_ORDER" 
   (	"ORDER_NO" NUMBER, 
	"RECEIVER_NAME" VARCHAR2(15 BYTE), 
	"ORDER_ADDRESS" VARCHAR2(300 BYTE), 
	"ORDER_DATE" DATE DEFAULT SYSDATE, 
	"ORDER_MEMO" VARCHAR2(60 BYTE), 
	"TOTAL_PRICE" NUMBER, 
	"MEMBER_NO" NUMBER
   ) SEGMENT CREATION IMMEDIATE 
  PCTFREE 10 PCTUSED 40 INITRANS 1 MAXTRANS 255 NOCOMPRESS LOGGING
  STORAGE(INITIAL 65536 NEXT 1048576 MINEXTENTS 1 MAXEXTENTS 2147483645
  PCTINCREASE 0 FREELISTS 1 FREELIST GROUPS 1 BUFFER_POOL DEFAULT FLASH_CACHE DEFAULT CELL_FLASH_CACHE DEFAULT)
  TABLESPACE "SYSTEM" ;
--------------------------------------------------------
--  DDL for Table O_ORDER_LIST
--------------------------------------------------------

  CREATE TABLE "SHOPMASTER"."O_ORDER_LIST" 
   (	"ORDER_SIZE" CHAR(1 BYTE), 
	"ORDER_QUANTITY" NUMBER, 
	"ORDER_NO" NUMBER, 
	"PRODUCT_NO" NUMBER, 
	"ORDER_STATUS" NUMBER DEFAULT 1
   ) SEGMENT CREATION IMMEDIATE 
  PCTFREE 10 PCTUSED 40 INITRANS 1 MAXTRANS 255 NOCOMPRESS LOGGING
  STORAGE(INITIAL 65536 NEXT 1048576 MINEXTENTS 1 MAXEXTENTS 2147483645
  PCTINCREASE 0 FREELISTS 1 FREELIST GROUPS 1 BUFFER_POOL DEFAULT FLASH_CACHE DEFAULT CELL_FLASH_CACHE DEFAULT)
  TABLESPACE "SYSTEM" ;
--------------------------------------------------------
--  DDL for Table PRODUCT
--------------------------------------------------------

  CREATE TABLE "SHOPMASTER"."PRODUCT" 
   (	"PRODUCT_NO" NUMBER, 
	"PRODUCT_NAME" VARCHAR2(100 BYTE), 
	"PRODUCT_DETAIL" VARCHAR2(2000 BYTE), 
	"PRODUCT_SIZEINFO" VARCHAR2(2000 BYTE), 
	"PRODUCT_SIZE" VARCHAR2(10 BYTE), 
	"PRODUCT_PRICE" NUMBER, 
	"PRODUCT_STOCK_240" NUMBER, 
	"PRODUCT_STOCK_250" NUMBER, 
	"PRODUCT_STOCK_260" NUMBER, 
	"PRODUCT_TYPE" NUMBER DEFAULT 2, 
	"MEMBER_NO" NUMBER, 
	"PRODUCT_STATUS" CHAR(1 BYTE) DEFAULT 'Y', 
	"PRODUCT_CATEGORY" NUMBER, 
	"PRODUCT_TOT_RATING" NUMBER(*,0) DEFAULT 0, 
	"PRODUCT_TOT_RATINGNUM" NUMBER(*,0) DEFAULT 0
   ) SEGMENT CREATION IMMEDIATE 
  PCTFREE 10 PCTUSED 40 INITRANS 1 MAXTRANS 255 NOCOMPRESS LOGGING
  STORAGE(INITIAL 65536 NEXT 1048576 MINEXTENTS 1 MAXEXTENTS 2147483645
  PCTINCREASE 0 FREELISTS 1 FREELIST GROUPS 1 BUFFER_POOL DEFAULT FLASH_CACHE DEFAULT CELL_FLASH_CACHE DEFAULT)
  TABLESPACE "SYSTEM" ;
--------------------------------------------------------
--  DDL for Table PURCHASE
--------------------------------------------------------

  CREATE TABLE "SHOPMASTER"."PURCHASE" 
   (	"ORDER_NO" NUMBER, 
	"PURCHASE_STATUS" NUMBER DEFAULT 1, 
	"MEMBER_NO" NUMBER
   ) SEGMENT CREATION IMMEDIATE 
  PCTFREE 10 PCTUSED 40 INITRANS 1 MAXTRANS 255 NOCOMPRESS LOGGING
  STORAGE(INITIAL 65536 NEXT 1048576 MINEXTENTS 1 MAXEXTENTS 2147483645
  PCTINCREASE 0 FREELISTS 1 FREELIST GROUPS 1 BUFFER_POOL DEFAULT FLASH_CACHE DEFAULT CELL_FLASH_CACHE DEFAULT)
  TABLESPACE "SYSTEM" ;
--------------------------------------------------------
--  DDL for Table REVIEW
--------------------------------------------------------

  CREATE TABLE "SHOPMASTER"."REVIEW" 
   (	"REVIEW_NO" NUMBER, 
	"REVIEW_CONTENTS" VARCHAR2(1000 BYTE), 
	"REVIEW_DATE" DATE DEFAULT SYSDATE, 
	"REVIEW_TITLE" VARCHAR2(100 BYTE), 
	"MEMBER_NO" NUMBER, 
	"PRODUCT_NO" NUMBER, 
	"ORDER_NO" NUMBER, 
	"REVIEW_RATING" NUMBER(1,0)
   ) SEGMENT CREATION IMMEDIATE 
  PCTFREE 10 PCTUSED 40 INITRANS 1 MAXTRANS 255 NOCOMPRESS LOGGING
  STORAGE(INITIAL 65536 NEXT 1048576 MINEXTENTS 1 MAXEXTENTS 2147483645
  PCTINCREASE 0 FREELISTS 1 FREELIST GROUPS 1 BUFFER_POOL DEFAULT FLASH_CACHE DEFAULT CELL_FLASH_CACHE DEFAULT)
  TABLESPACE "SYSTEM" ;
--------------------------------------------------------
--  DDL for Table SALE_LIST
--------------------------------------------------------

  CREATE TABLE "SHOPMASTER"."SALE_LIST" 
   (	"ORDER_NO" NUMBER, 
	"SALE_STATUS" NUMBER DEFAULT 1, 
	"MEMBER_NO" NUMBER
   ) SEGMENT CREATION IMMEDIATE 
  PCTFREE 10 PCTUSED 40 INITRANS 1 MAXTRANS 255 NOCOMPRESS LOGGING
  STORAGE(INITIAL 65536 NEXT 1048576 MINEXTENTS 1 MAXEXTENTS 2147483645
  PCTINCREASE 0 FREELISTS 1 FREELIST GROUPS 1 BUFFER_POOL DEFAULT FLASH_CACHE DEFAULT CELL_FLASH_CACHE DEFAULT)
  TABLESPACE "SYSTEM" ;
REM INSERTING into SHOPMASTER.ATTACHMENT
SET DEFINE OFF;
Insert into SHOPMASTER.ATTACHMENT (ATT_NO,ATT_NAME,ATT_DATE,ATT_LEVEL,ATT_STATUS,PRODUCT_NO) values (287,'20210622_173846777_992.jpeg',to_date('22/09/10','RR/MM/DD'),1,'Y',91);
Insert into SHOPMASTER.ATTACHMENT (ATT_NO,ATT_NAME,ATT_DATE,ATT_LEVEL,ATT_STATUS,PRODUCT_NO) values (288,'20210623_013309953_258.jpg',to_date('22/09/10','RR/MM/DD'),1,'Y',93);
Insert into SHOPMASTER.ATTACHMENT (ATT_NO,ATT_NAME,ATT_DATE,ATT_LEVEL,ATT_STATUS,PRODUCT_NO) values (289,'20210623_013309959_946.jpg',to_date('22/09/10','RR/MM/DD'),1,'Y',97);
Insert into SHOPMASTER.ATTACHMENT (ATT_NO,ATT_NAME,ATT_DATE,ATT_LEVEL,ATT_STATUS,PRODUCT_NO) values (290,'20210623_013144727_986.jpg',to_date('22/09/10','RR/MM/DD'),1,'Y',99);
Insert into SHOPMASTER.ATTACHMENT (ATT_NO,ATT_NAME,ATT_DATE,ATT_LEVEL,ATT_STATUS,PRODUCT_NO) values (291,'20210623_013144723_985.jpg',to_date('22/09/10','RR/MM/DD'),1,'Y',100);
Insert into SHOPMASTER.ATTACHMENT (ATT_NO,ATT_NAME,ATT_DATE,ATT_LEVEL,ATT_STATUS,PRODUCT_NO) values (292,'20210623_013144722_475.jpg',to_date('22/09/10','RR/MM/DD'),1,'Y',101);
Insert into SHOPMASTER.ATTACHMENT (ATT_NO,ATT_NAME,ATT_DATE,ATT_LEVEL,ATT_STATUS,PRODUCT_NO) values (286,'20210622_173846777_992.jpeg',to_date('22/09/10','RR/MM/DD'),1,'Y',90);
REM INSERTING into SHOPMASTER.BANK
SET DEFINE OFF;
Insert into SHOPMASTER.BANK (BANK_CODE,BANK_NAME) values ('KB','KB');
Insert into SHOPMASTER.BANK (BANK_CODE,BANK_NAME) values ('SH','신한');
Insert into SHOPMASTER.BANK (BANK_CODE,BANK_NAME) values ('WR','우리');
Insert into SHOPMASTER.BANK (BANK_CODE,BANK_NAME) values ('CH','축협');
Insert into SHOPMASTER.BANK (BANK_CODE,BANK_NAME) values ('SU','수협');
Insert into SHOPMASTER.BANK (BANK_CODE,BANK_NAME) values ('IBK','IBK');
Insert into SHOPMASTER.BANK (BANK_CODE,BANK_NAME) values ('NH','농협');
REM INSERTING into SHOPMASTER.CART
SET DEFINE OFF;
Insert into SHOPMASTER.CART (CART_NO,MEMBER_NO,CART_QUANTITY,CART_SIZE,PRODUCT_NO) values (10048,69,4,'S',90);
REM INSERTING into SHOPMASTER.MEMBER
SET DEFINE OFF;
Insert into SHOPMASTER.MEMBER (MEMBER_NO,MEMBER_ID,MEMBER_NICKNAME,MEMBER_PW,MEMBER_NAME,EMAIL,PHONE,ADDRESS,ENROLL_DATE,BRAND_NAME,ACCOUNT_NUMBER,LOGIN_TYPE,BANK_CODE) values (1,'user01','홍사장','pwd01',null,'user01@naver.com','010-1111-1111','서울 강남구',to_date('21/06/22','RR/MM/DD'),'저스트원','352-344-234233',1,'NH');
Insert into SHOPMASTER.MEMBER (MEMBER_NO,MEMBER_ID,MEMBER_NICKNAME,MEMBER_PW,MEMBER_NAME,EMAIL,PHONE,ADDRESS,ENROLL_DATE,BRAND_NAME,ACCOUNT_NUMBER,LOGIN_TYPE,BANK_CODE) values (2,'user02','최사장','pwd02',null,'user02@naver.com','010-2222-2222','서울 강서구',to_date('21/06/22','RR/MM/DD'),'누더기','321-044-444333',1,'WR');
Insert into SHOPMASTER.MEMBER (MEMBER_NO,MEMBER_ID,MEMBER_NICKNAME,MEMBER_PW,MEMBER_NAME,EMAIL,PHONE,ADDRESS,ENROLL_DATE,BRAND_NAME,ACCOUNT_NUMBER,LOGIN_TYPE,BANK_CODE) values (3,'user03','마사장','pwd03',null,'user03@naver.com','010-3333-3333','서울 강북구',to_date('21/06/22','RR/MM/DD'),'사던지말던지','052-544-215333',1,'SH');
Insert into SHOPMASTER.MEMBER (MEMBER_NO,MEMBER_ID,MEMBER_NICKNAME,MEMBER_PW,MEMBER_NAME,EMAIL,PHONE,ADDRESS,ENROLL_DATE,BRAND_NAME,ACCOUNT_NUMBER,LOGIN_TYPE,BANK_CODE) values (4,'user04','김사장','pwd04',null,'user04@daum.net','010-4444-4444','서울 강동구',to_date('21/06/22','RR/MM/DD'),'왔으면사던가해','442-984-923123',1,'NH');
Insert into SHOPMASTER.MEMBER (MEMBER_NO,MEMBER_ID,MEMBER_NICKNAME,MEMBER_PW,MEMBER_NAME,EMAIL,PHONE,ADDRESS,ENROLL_DATE,BRAND_NAME,ACCOUNT_NUMBER,LOGIN_TYPE,BANK_CODE) values (5,'user05','박사장','pwd05',null,'user05@daum.net','010-5555-5555','서울 용산',to_date('21/06/22','RR/MM/DD'),'옷처음봐?','122-574-522343',1,'SH');
Insert into SHOPMASTER.MEMBER (MEMBER_NO,MEMBER_ID,MEMBER_NICKNAME,MEMBER_PW,MEMBER_NAME,EMAIL,PHONE,ADDRESS,ENROLL_DATE,BRAND_NAME,ACCOUNT_NUMBER,LOGIN_TYPE,BANK_CODE) values (6,'user06','현사장','pwd06',null,'user06@daum.net','010-6666-6666','경기 남양주',to_date('21/06/22','RR/MM/DD'),'훔치기만해봐','772-211-634443',1,'KB');
Insert into SHOPMASTER.MEMBER (MEMBER_NO,MEMBER_ID,MEMBER_NICKNAME,MEMBER_PW,MEMBER_NAME,EMAIL,PHONE,ADDRESS,ENROLL_DATE,BRAND_NAME,ACCOUNT_NUMBER,LOGIN_TYPE,BANK_CODE) values (7,'user07','심사장','pwd07',null,'user07@daum.net','010-7777-7777','경기 의정부',to_date('21/06/22','RR/MM/DD'),'DMC 떠리중','889-342-534233',1,'NH');
Insert into SHOPMASTER.MEMBER (MEMBER_NO,MEMBER_ID,MEMBER_NICKNAME,MEMBER_PW,MEMBER_NAME,EMAIL,PHONE,ADDRESS,ENROLL_DATE,BRAND_NAME,ACCOUNT_NUMBER,LOGIN_TYPE,BANK_CODE) values (8,'user08','홍회원','pwd08','홍상길','user08@naver.com','010-8888-9999','서울 강남구',to_date('21/06/22','RR/MM/DD'),'중고','112-344-234233',2,'CH');
Insert into SHOPMASTER.MEMBER (MEMBER_NO,MEMBER_ID,MEMBER_NICKNAME,MEMBER_PW,MEMBER_NAME,EMAIL,PHONE,ADDRESS,ENROLL_DATE,BRAND_NAME,ACCOUNT_NUMBER,LOGIN_TYPE,BANK_CODE) values (9,'user09','정회원','pwd09','정상길','user09@naver.com','010-9999-9999','서울 강남구',to_date('21/06/22','RR/MM/DD'),'중고',null,2,null);
Insert into SHOPMASTER.MEMBER (MEMBER_NO,MEMBER_ID,MEMBER_NICKNAME,MEMBER_PW,MEMBER_NAME,EMAIL,PHONE,ADDRESS,ENROLL_DATE,BRAND_NAME,ACCOUNT_NUMBER,LOGIN_TYPE,BANK_CODE) values (10,'user10','김회원','pwd10','김상길','user10@daum.net','010-2000-2000','서울 강남구',to_date('21/06/22','RR/MM/DD'),'중고','421-344-234233',2,'NH');
Insert into SHOPMASTER.MEMBER (MEMBER_NO,MEMBER_ID,MEMBER_NICKNAME,MEMBER_PW,MEMBER_NAME,EMAIL,PHONE,ADDRESS,ENROLL_DATE,BRAND_NAME,ACCOUNT_NUMBER,LOGIN_TYPE,BANK_CODE) values (11,'user11','은회원','pwd11','은상길','user11@daum.net','010-3000-3000','서울 강남구',to_date('21/06/22','RR/MM/DD'),'중고','555-344-234233',2,'SH');
Insert into SHOPMASTER.MEMBER (MEMBER_NO,MEMBER_ID,MEMBER_NICKNAME,MEMBER_PW,MEMBER_NAME,EMAIL,PHONE,ADDRESS,ENROLL_DATE,BRAND_NAME,ACCOUNT_NUMBER,LOGIN_TYPE,BANK_CODE) values (12,'user12','성회원','pwd12','성상길','user12@daum.net','010-4000-4000','서울 강남구',to_date('21/06/22','RR/MM/DD'),'중고',null,2,null);
Insert into SHOPMASTER.MEMBER (MEMBER_NO,MEMBER_ID,MEMBER_NICKNAME,MEMBER_PW,MEMBER_NAME,EMAIL,PHONE,ADDRESS,ENROLL_DATE,BRAND_NAME,ACCOUNT_NUMBER,LOGIN_TYPE,BANK_CODE) values (13,'user13','심회원','pwd13','심상길','user13@daum.net','010-5000-5000','서울 강남구',to_date('21/06/22','RR/MM/DD'),'중고','565-344-234233',2,'WR');
Insert into SHOPMASTER.MEMBER (MEMBER_NO,MEMBER_ID,MEMBER_NICKNAME,MEMBER_PW,MEMBER_NAME,EMAIL,PHONE,ADDRESS,ENROLL_DATE,BRAND_NAME,ACCOUNT_NUMBER,LOGIN_TYPE,BANK_CODE) values (14,'user14','박회원','pwd14','박상길','user14@daum.net','010-2222-1111','서울 강남구',to_date('21/06/22','RR/MM/DD'),'중고',null,2,null);
Insert into SHOPMASTER.MEMBER (MEMBER_NO,MEMBER_ID,MEMBER_NICKNAME,MEMBER_PW,MEMBER_NAME,EMAIL,PHONE,ADDRESS,ENROLL_DATE,BRAND_NAME,ACCOUNT_NUMBER,LOGIN_TYPE,BANK_CODE) values (15,'user15','지회원','pwd15','지상길','user15@daum.net','010-3333-1111','서울 강남구',to_date('21/06/22','RR/MM/DD'),'중고','543-344-234233',2,'IBK');
Insert into SHOPMASTER.MEMBER (MEMBER_NO,MEMBER_ID,MEMBER_NICKNAME,MEMBER_PW,MEMBER_NAME,EMAIL,PHONE,ADDRESS,ENROLL_DATE,BRAND_NAME,ACCOUNT_NUMBER,LOGIN_TYPE,BANK_CODE) values (43,'danielshop','daniel','$2a$10$IK5yVJnn5RY2JC.EFrCTte3KEJE9mIS42cbtrw8XpBJGcPFSxjq6S',null,'danielshop@danielshop.com','01000002345','서울 강동구 양재대로123길 7 (천호동, 강동그랑시아),123',to_date('21/06/23','RR/MM/DD'),'danielshop','0020003001',1,'KB');
Insert into SHOPMASTER.MEMBER (MEMBER_NO,MEMBER_ID,MEMBER_NICKNAME,MEMBER_PW,MEMBER_NAME,EMAIL,PHONE,ADDRESS,ENROLL_DATE,BRAND_NAME,ACCOUNT_NUMBER,LOGIN_TYPE,BANK_CODE) values (26,'hwangseok','패리쓰','$2a$10$2/vUTZ7EHo2acgOQt7PQPuDfZKErajJfjv5osKBFsb98Za2Ign3Ai','김황석','hwangseokparis@gmail.com','01044974891','서울 강남구 가로수길 5 (신사동),메롱',to_date('21/06/22','RR/MM/DD'),'중고','123123123',2,'NH');
Insert into SHOPMASTER.MEMBER (MEMBER_NO,MEMBER_ID,MEMBER_NICKNAME,MEMBER_PW,MEMBER_NAME,EMAIL,PHONE,ADDRESS,ENROLL_DATE,BRAND_NAME,ACCOUNT_NUMBER,LOGIN_TYPE,BANK_CODE) values (47,'1777734103','ppppppp','$2a$10$tCZxqm4ooBRj0Arjq.9Fd.5lo9XS8YWUmkDIml5sI62BORL3j5TFe','김황','hwangseok89@naver.com','01001022222','서울 강남구 봉은사로44길 1 (역삼동),12344',to_date('21/06/23','RR/MM/DD'),'중고','1231231223',2,'KB');
Insert into SHOPMASTER.MEMBER (MEMBER_NO,MEMBER_ID,MEMBER_NICKNAME,MEMBER_PW,MEMBER_NAME,EMAIL,PHONE,ADDRESS,ENROLL_DATE,BRAND_NAME,ACCOUNT_NUMBER,LOGIN_TYPE,BANK_CODE) values (37,'usertest','usertest','$2a$10$L855LDFYdNCEXJe68/xHB.4yJMeNq5SqUL08sWhz60pyu2UbZb1R2','shopmaster_USER','usertest@shopmaster.com','01111111111','서울 강남구 신사동 537-5,1111',to_date('21/06/23','RR/MM/DD'),'중고','1231233123',2,'KB');
Insert into SHOPMASTER.MEMBER (MEMBER_NO,MEMBER_ID,MEMBER_NICKNAME,MEMBER_PW,MEMBER_NAME,EMAIL,PHONE,ADDRESS,ENROLL_DATE,BRAND_NAME,ACCOUNT_NUMBER,LOGIN_TYPE,BANK_CODE) values (39,'brandtest','shopmaster','$2a$10$cRqfL09P2Or/EX1N9I/BBOtgL2xoaRkvNNDCNYTZ.58UVjKbfqYxa',null,'shopmaster@shopmaster.com','01012341111','서울 강남구 가로수길 9 (신사동),213',to_date('21/06/23','RR/MM/DD'),'shopmaster','231234533231',1,'SH');
Insert into SHOPMASTER.MEMBER (MEMBER_NO,MEMBER_ID,MEMBER_NICKNAME,MEMBER_PW,MEMBER_NAME,EMAIL,PHONE,ADDRESS,ENROLL_DATE,BRAND_NAME,ACCOUNT_NUMBER,LOGIN_TYPE,BANK_CODE) values (61,'helpmez','helpmez','1647532z','이재원','helpmez@naver.com','01099351054','경기 안산시 상록구 수암길 33-7 (수암동),301',to_date('22/09/09','RR/MM/DD'),'중고','110-412-803601',2,'SH');
Insert into SHOPMASTER.MEMBER (MEMBER_NO,MEMBER_ID,MEMBER_NICKNAME,MEMBER_PW,MEMBER_NAME,EMAIL,PHONE,ADDRESS,ENROLL_DATE,BRAND_NAME,ACCOUNT_NUMBER,LOGIN_TYPE,BANK_CODE) values (68,'helpmez2','helpmez22','$2a$10$cTW/qF0SqhGj99eC9QXhu.tJfe93MgGa2rHQ5wSjaFxKmGxKjeKCS','이재원2','helpmez12@naver.com','01012344321','경기 구리시 담터길32번길 111 (갈매동),301',to_date('22/09/10','RR/MM/DD'),'중고','111-111-112111',2,'SH');
Insert into SHOPMASTER.MEMBER (MEMBER_NO,MEMBER_ID,MEMBER_NICKNAME,MEMBER_PW,MEMBER_NAME,EMAIL,PHONE,ADDRESS,ENROLL_DATE,BRAND_NAME,ACCOUNT_NUMBER,LOGIN_TYPE,BANK_CODE) values (64,'nikeshop','nikeshop','$2a$10$H9OtzVMTpLJ4TgBAO0Jg1u7iq6L3fcFSnSg3xJIDK.XiMxsd7Jz/a',null,'nike@nike.com','01012341234','경기 안산시 상록구 수암길 33-7 (수암동),301',to_date('22/09/09','RR/MM/DD'),'NIKE','111-111-11111111',1,'SH');
Insert into SHOPMASTER.MEMBER (MEMBER_NO,MEMBER_ID,MEMBER_NICKNAME,MEMBER_PW,MEMBER_NAME,EMAIL,PHONE,ADDRESS,ENROLL_DATE,BRAND_NAME,ACCOUNT_NUMBER,LOGIN_TYPE,BANK_CODE) values (69,'helpmez3','helpmez3','$2a$10$zgRSabGty4UXuBqfltYF.Ov/osjjsPkXrkYW3.oGcrqCMPiWEYUpm','이재원3','helpmez3@naver.com','010123412344','서울 강동구 아리수로 46-4 (암사동),333',to_date('22/09/10','RR/MM/DD'),'중고','111-222-333333',2,'NH');
REM INSERTING into SHOPMASTER.O_ORDER
SET DEFINE OFF;
Insert into SHOPMASTER.O_ORDER (ORDER_NO,RECEIVER_NAME,ORDER_ADDRESS,ORDER_DATE,ORDER_MEMO,TOTAL_PRICE,MEMBER_NO) values (435,'이재원3','서울 강동구 아리수로 46-4 (암사동) 333',to_date('22/09/12','RR/MM/DD'),'없음',222,69);
Insert into SHOPMASTER.O_ORDER (ORDER_NO,RECEIVER_NAME,ORDER_ADDRESS,ORDER_DATE,ORDER_MEMO,TOTAL_PRICE,MEMBER_NO) values (436,'이재원3','서울 강동구 아리수로 46-4 (암사동) 333',to_date('22/09/12','RR/MM/DD'),'없음',111,69);
Insert into SHOPMASTER.O_ORDER (ORDER_NO,RECEIVER_NAME,ORDER_ADDRESS,ORDER_DATE,ORDER_MEMO,TOTAL_PRICE,MEMBER_NO) values (437,'이재원3','서울 강동구 아리수로 46-4 (암사동) 333',to_date('22/09/12','RR/MM/DD'),'없음',111,69);
Insert into SHOPMASTER.O_ORDER (ORDER_NO,RECEIVER_NAME,ORDER_ADDRESS,ORDER_DATE,ORDER_MEMO,TOTAL_PRICE,MEMBER_NO) values (438,'이재원3','서울 강동구 아리수로 46-4 (암사동) 333',to_date('22/09/12','RR/MM/DD'),'없음',111,69);
Insert into SHOPMASTER.O_ORDER (ORDER_NO,RECEIVER_NAME,ORDER_ADDRESS,ORDER_DATE,ORDER_MEMO,TOTAL_PRICE,MEMBER_NO) values (439,'이재원3','서울 강동구 아리수로 46-4 (암사동) 333',to_date('22/09/12','RR/MM/DD'),'없음',111,69);
Insert into SHOPMASTER.O_ORDER (ORDER_NO,RECEIVER_NAME,ORDER_ADDRESS,ORDER_DATE,ORDER_MEMO,TOTAL_PRICE,MEMBER_NO) values (440,'이재원3','서울 강동구 아리수로 46-4 (암사동) 333',to_date('22/09/12','RR/MM/DD'),'없음',111,69);
Insert into SHOPMASTER.O_ORDER (ORDER_NO,RECEIVER_NAME,ORDER_ADDRESS,ORDER_DATE,ORDER_MEMO,TOTAL_PRICE,MEMBER_NO) values (441,'이재원3','서울 강동구 아리수로 46-4 (암사동) 333',to_date('22/09/12','RR/MM/DD'),'없음',111,69);
Insert into SHOPMASTER.O_ORDER (ORDER_NO,RECEIVER_NAME,ORDER_ADDRESS,ORDER_DATE,ORDER_MEMO,TOTAL_PRICE,MEMBER_NO) values (433,'이재원3','서울 강동구 아리수로 46-4 (암사동) 333',to_date('22/09/10','RR/MM/DD'),'없음',111,69);
Insert into SHOPMASTER.O_ORDER (ORDER_NO,RECEIVER_NAME,ORDER_ADDRESS,ORDER_DATE,ORDER_MEMO,TOTAL_PRICE,MEMBER_NO) values (434,'이재원3','서울 강동구 아리수로 46-4 (암사동) 333',to_date('22/09/10','RR/MM/DD'),'없음',111,69);
REM INSERTING into SHOPMASTER.O_ORDER_LIST
SET DEFINE OFF;
Insert into SHOPMASTER.O_ORDER_LIST (ORDER_SIZE,ORDER_QUANTITY,ORDER_NO,PRODUCT_NO,ORDER_STATUS) values ('S',1,435,90,4);
Insert into SHOPMASTER.O_ORDER_LIST (ORDER_SIZE,ORDER_QUANTITY,ORDER_NO,PRODUCT_NO,ORDER_STATUS) values ('S',1,433,90,4);
Insert into SHOPMASTER.O_ORDER_LIST (ORDER_SIZE,ORDER_QUANTITY,ORDER_NO,PRODUCT_NO,ORDER_STATUS) values ('S',1,434,91,4);
Insert into SHOPMASTER.O_ORDER_LIST (ORDER_SIZE,ORDER_QUANTITY,ORDER_NO,PRODUCT_NO,ORDER_STATUS) values ('L',1,435,90,4);
Insert into SHOPMASTER.O_ORDER_LIST (ORDER_SIZE,ORDER_QUANTITY,ORDER_NO,PRODUCT_NO,ORDER_STATUS) values ('M',1,436,90,4);
Insert into SHOPMASTER.O_ORDER_LIST (ORDER_SIZE,ORDER_QUANTITY,ORDER_NO,PRODUCT_NO,ORDER_STATUS) values ('S',1,437,91,4);
Insert into SHOPMASTER.O_ORDER_LIST (ORDER_SIZE,ORDER_QUANTITY,ORDER_NO,PRODUCT_NO,ORDER_STATUS) values ('L',1,438,91,3);
Insert into SHOPMASTER.O_ORDER_LIST (ORDER_SIZE,ORDER_QUANTITY,ORDER_NO,PRODUCT_NO,ORDER_STATUS) values ('S',1,439,90,4);
Insert into SHOPMASTER.O_ORDER_LIST (ORDER_SIZE,ORDER_QUANTITY,ORDER_NO,PRODUCT_NO,ORDER_STATUS) values ('L',1,440,90,4);
Insert into SHOPMASTER.O_ORDER_LIST (ORDER_SIZE,ORDER_QUANTITY,ORDER_NO,PRODUCT_NO,ORDER_STATUS) values ('M',1,441,90,3);
REM INSERTING into SHOPMASTER.PRODUCT
SET DEFINE OFF;
Insert into SHOPMASTER.PRODUCT (PRODUCT_NO,PRODUCT_NAME,PRODUCT_DETAIL,PRODUCT_SIZEINFO,PRODUCT_SIZE,PRODUCT_PRICE,PRODUCT_STOCK_240,PRODUCT_STOCK_250,PRODUCT_STOCK_260,PRODUCT_TYPE,MEMBER_NO,PRODUCT_STATUS,PRODUCT_CATEGORY,PRODUCT_TOT_RATING,PRODUCT_TOT_RATINGNUM) values (91,'TES2','test','test',null,111,0,3,2,1,64,'Y',3,10,3);
Insert into SHOPMASTER.PRODUCT (PRODUCT_NO,PRODUCT_NAME,PRODUCT_DETAIL,PRODUCT_SIZEINFO,PRODUCT_SIZE,PRODUCT_PRICE,PRODUCT_STOCK_240,PRODUCT_STOCK_250,PRODUCT_STOCK_260,PRODUCT_TYPE,MEMBER_NO,PRODUCT_STATUS,PRODUCT_CATEGORY,PRODUCT_TOT_RATING,PRODUCT_TOT_RATINGNUM) values (92,'TEST4','브랜드 :
구매가 :
구매장소 : 
구입시기 : 
착용 횟수 :
상태 : 
특이사항 : 
상품 링크 : 
            ','test','240',500,0,0,1,2,69,'Y',3,null,null);
Insert into SHOPMASTER.PRODUCT (PRODUCT_NO,PRODUCT_NAME,PRODUCT_DETAIL,PRODUCT_SIZEINFO,PRODUCT_SIZE,PRODUCT_PRICE,PRODUCT_STOCK_240,PRODUCT_STOCK_250,PRODUCT_STOCK_260,PRODUCT_TYPE,MEMBER_NO,PRODUCT_STATUS,PRODUCT_CATEGORY,PRODUCT_TOT_RATING,PRODUCT_TOT_RATINGNUM) values (93,'test4','브랜드 :
구매가 :
구매장소 : 
구입시기 : 
착용 횟수 :
상태 : 
특이사항 : 
상품 링크 : 
            ','test','240',100,0,0,1,2,69,'Y',3,null,null);
Insert into SHOPMASTER.PRODUCT (PRODUCT_NO,PRODUCT_NAME,PRODUCT_DETAIL,PRODUCT_SIZEINFO,PRODUCT_SIZE,PRODUCT_PRICE,PRODUCT_STOCK_240,PRODUCT_STOCK_250,PRODUCT_STOCK_260,PRODUCT_TYPE,MEMBER_NO,PRODUCT_STATUS,PRODUCT_CATEGORY,PRODUCT_TOT_RATING,PRODUCT_TOT_RATINGNUM) values (94,'test5','브랜드 :
구매가 :
구매장소 : 
구입시기 : 
착용 횟수 :
상태 : 
특이사항 : 
상품 링크 : 
            ','test','250',600,0,0,1,2,69,'Y',3,null,null);
Insert into SHOPMASTER.PRODUCT (PRODUCT_NO,PRODUCT_NAME,PRODUCT_DETAIL,PRODUCT_SIZEINFO,PRODUCT_SIZE,PRODUCT_PRICE,PRODUCT_STOCK_240,PRODUCT_STOCK_250,PRODUCT_STOCK_260,PRODUCT_TYPE,MEMBER_NO,PRODUCT_STATUS,PRODUCT_CATEGORY,PRODUCT_TOT_RATING,PRODUCT_TOT_RATINGNUM) values (95,'test6','브랜드 :
구매가 :
구매장소 : 
구입시기 : 
착용 횟수 :
상태 : 
특이사항 : 
상품 링크 : 
            ','test6','250',50,0,0,1,2,69,'Y',3,null,null);
Insert into SHOPMASTER.PRODUCT (PRODUCT_NO,PRODUCT_NAME,PRODUCT_DETAIL,PRODUCT_SIZEINFO,PRODUCT_SIZE,PRODUCT_PRICE,PRODUCT_STOCK_240,PRODUCT_STOCK_250,PRODUCT_STOCK_260,PRODUCT_TYPE,MEMBER_NO,PRODUCT_STATUS,PRODUCT_CATEGORY,PRODUCT_TOT_RATING,PRODUCT_TOT_RATINGNUM) values (96,'test100','브랜드 :
구매가 :
구매장소 : 
구입시기 : 
착용 횟수 :
상태 : 
특이사항 : 
상품 링크 : 
            ','test100','250',100,0,0,1,2,69,'Y',3,null,null);
Insert into SHOPMASTER.PRODUCT (PRODUCT_NO,PRODUCT_NAME,PRODUCT_DETAIL,PRODUCT_SIZEINFO,PRODUCT_SIZE,PRODUCT_PRICE,PRODUCT_STOCK_240,PRODUCT_STOCK_250,PRODUCT_STOCK_260,PRODUCT_TYPE,MEMBER_NO,PRODUCT_STATUS,PRODUCT_CATEGORY,PRODUCT_TOT_RATING,PRODUCT_TOT_RATINGNUM) values (97,'test555','브랜드 :
구매가 :
구매장소 : 
구입시기 : 
착용 횟수 :
상태 : 
특이사항 : 
상품 링크 : 
            ',null,'240',100,0,0,1,2,69,'Y',3,null,null);
Insert into SHOPMASTER.PRODUCT (PRODUCT_NO,PRODUCT_NAME,PRODUCT_DETAIL,PRODUCT_SIZEINFO,PRODUCT_SIZE,PRODUCT_PRICE,PRODUCT_STOCK_240,PRODUCT_STOCK_250,PRODUCT_STOCK_260,PRODUCT_TYPE,MEMBER_NO,PRODUCT_STATUS,PRODUCT_CATEGORY,PRODUCT_TOT_RATING,PRODUCT_TOT_RATINGNUM) values (98,'TEST23','브랜드 :
구매가 :
구매장소 : 
구입시기 : 
착용 횟수 :
상태 : 
특이사항 : 
상품 링크 : 
            ','10','260',100,0,0,1,2,69,'Y',3,null,null);
Insert into SHOPMASTER.PRODUCT (PRODUCT_NO,PRODUCT_NAME,PRODUCT_DETAIL,PRODUCT_SIZEINFO,PRODUCT_SIZE,PRODUCT_PRICE,PRODUCT_STOCK_240,PRODUCT_STOCK_250,PRODUCT_STOCK_260,PRODUCT_TYPE,MEMBER_NO,PRODUCT_STATUS,PRODUCT_CATEGORY,PRODUCT_TOT_RATING,PRODUCT_TOT_RATINGNUM) values (99,'aa','브랜드 :
구매가 :
구매장소 : 
구입시기 : 
착용 횟수 :
상태 : 
특이사항 : 
상품 링크 : 
            ','15','250',15,0,0,1,2,69,'Y',3,null,null);
Insert into SHOPMASTER.PRODUCT (PRODUCT_NO,PRODUCT_NAME,PRODUCT_DETAIL,PRODUCT_SIZEINFO,PRODUCT_SIZE,PRODUCT_PRICE,PRODUCT_STOCK_240,PRODUCT_STOCK_250,PRODUCT_STOCK_260,PRODUCT_TYPE,MEMBER_NO,PRODUCT_STATUS,PRODUCT_CATEGORY,PRODUCT_TOT_RATING,PRODUCT_TOT_RATINGNUM) values (100,'bb','브랜드 :
구매가 :
구매장소 : 
구입시기 : 
착용 횟수 :
상태 : 
특이사항 : 
상품 링크 : 
            ','bb','260',55,0,0,1,2,69,'Y',3,null,null);
Insert into SHOPMASTER.PRODUCT (PRODUCT_NO,PRODUCT_NAME,PRODUCT_DETAIL,PRODUCT_SIZEINFO,PRODUCT_SIZE,PRODUCT_PRICE,PRODUCT_STOCK_240,PRODUCT_STOCK_250,PRODUCT_STOCK_260,PRODUCT_TYPE,MEMBER_NO,PRODUCT_STATUS,PRODUCT_CATEGORY,PRODUCT_TOT_RATING,PRODUCT_TOT_RATINGNUM) values (101,'tt','브랜드 :
구매가 :
구매장소 : 
구입시기 : 
착용 횟수 :
상태 : 
특이사항 : 
상품 링크 : 
            ','tt','240',10,0,0,1,2,69,'Y',3,null,null);
Insert into SHOPMASTER.PRODUCT (PRODUCT_NO,PRODUCT_NAME,PRODUCT_DETAIL,PRODUCT_SIZEINFO,PRODUCT_SIZE,PRODUCT_PRICE,PRODUCT_STOCK_240,PRODUCT_STOCK_250,PRODUCT_STOCK_260,PRODUCT_TYPE,MEMBER_NO,PRODUCT_STATUS,PRODUCT_CATEGORY,PRODUCT_TOT_RATING,PRODUCT_TOT_RATINGNUM) values (90,'TEST','test','test',null,111,0,1,1,1,64,'Y',3,5,1);
REM INSERTING into SHOPMASTER.PURCHASE
SET DEFINE OFF;
Insert into SHOPMASTER.PURCHASE (ORDER_NO,PURCHASE_STATUS,MEMBER_NO) values (435,3,69);
Insert into SHOPMASTER.PURCHASE (ORDER_NO,PURCHASE_STATUS,MEMBER_NO) values (436,3,69);
Insert into SHOPMASTER.PURCHASE (ORDER_NO,PURCHASE_STATUS,MEMBER_NO) values (437,3,69);
Insert into SHOPMASTER.PURCHASE (ORDER_NO,PURCHASE_STATUS,MEMBER_NO) values (438,3,69);
Insert into SHOPMASTER.PURCHASE (ORDER_NO,PURCHASE_STATUS,MEMBER_NO) values (439,3,69);
Insert into SHOPMASTER.PURCHASE (ORDER_NO,PURCHASE_STATUS,MEMBER_NO) values (440,3,69);
Insert into SHOPMASTER.PURCHASE (ORDER_NO,PURCHASE_STATUS,MEMBER_NO) values (441,3,69);
Insert into SHOPMASTER.PURCHASE (ORDER_NO,PURCHASE_STATUS,MEMBER_NO) values (433,3,69);
Insert into SHOPMASTER.PURCHASE (ORDER_NO,PURCHASE_STATUS,MEMBER_NO) values (434,3,69);
REM INSERTING into SHOPMASTER.REVIEW
SET DEFINE OFF;
Insert into SHOPMASTER.REVIEW (REVIEW_NO,REVIEW_CONTENTS,REVIEW_DATE,REVIEW_TITLE,MEMBER_NO,PRODUCT_NO,ORDER_NO,REVIEW_RATING) values (62,'test',to_date('22/09/11','RR/MM/DD'),'test',69,91,434,5);
Insert into SHOPMASTER.REVIEW (REVIEW_NO,REVIEW_CONTENTS,REVIEW_DATE,REVIEW_TITLE,MEMBER_NO,PRODUCT_NO,ORDER_NO,REVIEW_RATING) values (64,'ㅋㅋ',to_date('22/09/12','RR/MM/DD'),'ㅋㅋ',69,90,433,4);
Insert into SHOPMASTER.REVIEW (REVIEW_NO,REVIEW_CONTENTS,REVIEW_DATE,REVIEW_TITLE,MEMBER_NO,PRODUCT_NO,ORDER_NO,REVIEW_RATING) values (65,'zz',to_date('22/09/12','RR/MM/DD'),'zz',69,90,435,4);
Insert into SHOPMASTER.REVIEW (REVIEW_NO,REVIEW_CONTENTS,REVIEW_DATE,REVIEW_TITLE,MEMBER_NO,PRODUCT_NO,ORDER_NO,REVIEW_RATING) values (66,'dd',to_date('22/09/12','RR/MM/DD'),'dd',69,90,436,2);
Insert into SHOPMASTER.REVIEW (REVIEW_NO,REVIEW_CONTENTS,REVIEW_DATE,REVIEW_TITLE,MEMBER_NO,PRODUCT_NO,ORDER_NO,REVIEW_RATING) values (67,'tqtq',to_date('22/09/12','RR/MM/DD'),'tqtq',69,91,437,1);
Insert into SHOPMASTER.REVIEW (REVIEW_NO,REVIEW_CONTENTS,REVIEW_DATE,REVIEW_TITLE,MEMBER_NO,PRODUCT_NO,ORDER_NO,REVIEW_RATING) values (68,'qqq',to_date('22/09/12','RR/MM/DD'),'tqqq',69,90,439,2);
Insert into SHOPMASTER.REVIEW (REVIEW_NO,REVIEW_CONTENTS,REVIEW_DATE,REVIEW_TITLE,MEMBER_NO,PRODUCT_NO,ORDER_NO,REVIEW_RATING) values (69,'ㅅㅂ',to_date('22/09/12','RR/MM/DD'),'좀되라',69,90,440,5);
REM INSERTING into SHOPMASTER.SALE_LIST
SET DEFINE OFF;
Insert into SHOPMASTER.SALE_LIST (ORDER_NO,SALE_STATUS,MEMBER_NO) values (435,1,69);
Insert into SHOPMASTER.SALE_LIST (ORDER_NO,SALE_STATUS,MEMBER_NO) values (436,1,69);
Insert into SHOPMASTER.SALE_LIST (ORDER_NO,SALE_STATUS,MEMBER_NO) values (437,1,69);
Insert into SHOPMASTER.SALE_LIST (ORDER_NO,SALE_STATUS,MEMBER_NO) values (438,1,69);
Insert into SHOPMASTER.SALE_LIST (ORDER_NO,SALE_STATUS,MEMBER_NO) values (439,1,69);
Insert into SHOPMASTER.SALE_LIST (ORDER_NO,SALE_STATUS,MEMBER_NO) values (440,1,69);
Insert into SHOPMASTER.SALE_LIST (ORDER_NO,SALE_STATUS,MEMBER_NO) values (441,1,69);
Insert into SHOPMASTER.SALE_LIST (ORDER_NO,SALE_STATUS,MEMBER_NO) values (433,1,69);
Insert into SHOPMASTER.SALE_LIST (ORDER_NO,SALE_STATUS,MEMBER_NO) values (434,1,69);
--------------------------------------------------------
--  DDL for Index PK_ATTACHMENT
--------------------------------------------------------

  CREATE UNIQUE INDEX "SHOPMASTER"."PK_ATTACHMENT" ON "SHOPMASTER"."ATTACHMENT" ("ATT_NO") 
  PCTFREE 10 INITRANS 2 MAXTRANS 255 COMPUTE STATISTICS 
  STORAGE(INITIAL 65536 NEXT 1048576 MINEXTENTS 1 MAXEXTENTS 2147483645
  PCTINCREASE 0 FREELISTS 1 FREELIST GROUPS 1 BUFFER_POOL DEFAULT FLASH_CACHE DEFAULT CELL_FLASH_CACHE DEFAULT)
  TABLESPACE "SYSTEM" ;
--------------------------------------------------------
--  DDL for Index PK_BANK
--------------------------------------------------------

  CREATE UNIQUE INDEX "SHOPMASTER"."PK_BANK" ON "SHOPMASTER"."BANK" ("BANK_CODE") 
  PCTFREE 10 INITRANS 2 MAXTRANS 255 COMPUTE STATISTICS 
  STORAGE(INITIAL 65536 NEXT 1048576 MINEXTENTS 1 MAXEXTENTS 2147483645
  PCTINCREASE 0 FREELISTS 1 FREELIST GROUPS 1 BUFFER_POOL DEFAULT FLASH_CACHE DEFAULT CELL_FLASH_CACHE DEFAULT)
  TABLESPACE "SYSTEM" ;
--------------------------------------------------------
--  DDL for Index SYS_C0011046
--------------------------------------------------------

  CREATE UNIQUE INDEX "SHOPMASTER"."SYS_C0011046" ON "SHOPMASTER"."BANK" ("BANK_NAME") 
  PCTFREE 10 INITRANS 2 MAXTRANS 255 COMPUTE STATISTICS 
  STORAGE(INITIAL 65536 NEXT 1048576 MINEXTENTS 1 MAXEXTENTS 2147483645
  PCTINCREASE 0 FREELISTS 1 FREELIST GROUPS 1 BUFFER_POOL DEFAULT FLASH_CACHE DEFAULT CELL_FLASH_CACHE DEFAULT)
  TABLESPACE "SYSTEM" ;
--------------------------------------------------------
--  DDL for Index PK_CART
--------------------------------------------------------

  CREATE UNIQUE INDEX "SHOPMASTER"."PK_CART" ON "SHOPMASTER"."CART" ("CART_NO") 
  PCTFREE 10 INITRANS 2 MAXTRANS 255 COMPUTE STATISTICS 
  STORAGE(INITIAL 65536 NEXT 1048576 MINEXTENTS 1 MAXEXTENTS 2147483645
  PCTINCREASE 0 FREELISTS 1 FREELIST GROUPS 1 BUFFER_POOL DEFAULT FLASH_CACHE DEFAULT CELL_FLASH_CACHE DEFAULT)
  TABLESPACE "SYSTEM" ;
--------------------------------------------------------
--  DDL for Index PK_MEMBER
--------------------------------------------------------

  CREATE UNIQUE INDEX "SHOPMASTER"."PK_MEMBER" ON "SHOPMASTER"."MEMBER" ("MEMBER_NO") 
  PCTFREE 10 INITRANS 2 MAXTRANS 255 COMPUTE STATISTICS 
  STORAGE(INITIAL 65536 NEXT 1048576 MINEXTENTS 1 MAXEXTENTS 2147483645
  PCTINCREASE 0 FREELISTS 1 FREELIST GROUPS 1 BUFFER_POOL DEFAULT FLASH_CACHE DEFAULT CELL_FLASH_CACHE DEFAULT)
  TABLESPACE "SYSTEM" ;
--------------------------------------------------------
--  DDL for Index SYS_C0011057
--------------------------------------------------------

  CREATE UNIQUE INDEX "SHOPMASTER"."SYS_C0011057" ON "SHOPMASTER"."MEMBER" ("MEMBER_ID") 
  PCTFREE 10 INITRANS 2 MAXTRANS 255 COMPUTE STATISTICS 
  STORAGE(INITIAL 65536 NEXT 1048576 MINEXTENTS 1 MAXEXTENTS 2147483645
  PCTINCREASE 0 FREELISTS 1 FREELIST GROUPS 1 BUFFER_POOL DEFAULT FLASH_CACHE DEFAULT CELL_FLASH_CACHE DEFAULT)
  TABLESPACE "SYSTEM" ;
--------------------------------------------------------
--  DDL for Index SYS_C0011058
--------------------------------------------------------

  CREATE UNIQUE INDEX "SHOPMASTER"."SYS_C0011058" ON "SHOPMASTER"."MEMBER" ("MEMBER_NICKNAME") 
  PCTFREE 10 INITRANS 2 MAXTRANS 255 COMPUTE STATISTICS 
  STORAGE(INITIAL 65536 NEXT 1048576 MINEXTENTS 1 MAXEXTENTS 2147483645
  PCTINCREASE 0 FREELISTS 1 FREELIST GROUPS 1 BUFFER_POOL DEFAULT FLASH_CACHE DEFAULT CELL_FLASH_CACHE DEFAULT)
  TABLESPACE "SYSTEM" ;
--------------------------------------------------------
--  DDL for Index SYS_C0011059
--------------------------------------------------------

  CREATE UNIQUE INDEX "SHOPMASTER"."SYS_C0011059" ON "SHOPMASTER"."MEMBER" ("MEMBER_PW") 
  PCTFREE 10 INITRANS 2 MAXTRANS 255 COMPUTE STATISTICS 
  STORAGE(INITIAL 65536 NEXT 1048576 MINEXTENTS 1 MAXEXTENTS 2147483645
  PCTINCREASE 0 FREELISTS 1 FREELIST GROUPS 1 BUFFER_POOL DEFAULT FLASH_CACHE DEFAULT CELL_FLASH_CACHE DEFAULT)
  TABLESPACE "SYSTEM" ;
--------------------------------------------------------
--  DDL for Index SYS_C0011060
--------------------------------------------------------

  CREATE UNIQUE INDEX "SHOPMASTER"."SYS_C0011060" ON "SHOPMASTER"."MEMBER" ("EMAIL") 
  PCTFREE 10 INITRANS 2 MAXTRANS 255 COMPUTE STATISTICS 
  STORAGE(INITIAL 65536 NEXT 1048576 MINEXTENTS 1 MAXEXTENTS 2147483645
  PCTINCREASE 0 FREELISTS 1 FREELIST GROUPS 1 BUFFER_POOL DEFAULT FLASH_CACHE DEFAULT CELL_FLASH_CACHE DEFAULT)
  TABLESPACE "SYSTEM" ;
--------------------------------------------------------
--  DDL for Index SYS_C0011061
--------------------------------------------------------

  CREATE UNIQUE INDEX "SHOPMASTER"."SYS_C0011061" ON "SHOPMASTER"."MEMBER" ("PHONE") 
  PCTFREE 10 INITRANS 2 MAXTRANS 255 COMPUTE STATISTICS 
  STORAGE(INITIAL 65536 NEXT 1048576 MINEXTENTS 1 MAXEXTENTS 2147483645
  PCTINCREASE 0 FREELISTS 1 FREELIST GROUPS 1 BUFFER_POOL DEFAULT FLASH_CACHE DEFAULT CELL_FLASH_CACHE DEFAULT)
  TABLESPACE "SYSTEM" ;
--------------------------------------------------------
--  DDL for Index SYS_C0011062
--------------------------------------------------------

  CREATE UNIQUE INDEX "SHOPMASTER"."SYS_C0011062" ON "SHOPMASTER"."MEMBER" ("ACCOUNT_NUMBER") 
  PCTFREE 10 INITRANS 2 MAXTRANS 255 COMPUTE STATISTICS 
  STORAGE(INITIAL 65536 NEXT 1048576 MINEXTENTS 1 MAXEXTENTS 2147483645
  PCTINCREASE 0 FREELISTS 1 FREELIST GROUPS 1 BUFFER_POOL DEFAULT FLASH_CACHE DEFAULT CELL_FLASH_CACHE DEFAULT)
  TABLESPACE "SYSTEM" ;
--------------------------------------------------------
--  DDL for Index PK_ORDER
--------------------------------------------------------

  CREATE UNIQUE INDEX "SHOPMASTER"."PK_ORDER" ON "SHOPMASTER"."O_ORDER" ("ORDER_NO") 
  PCTFREE 10 INITRANS 2 MAXTRANS 255 COMPUTE STATISTICS 
  STORAGE(INITIAL 65536 NEXT 1048576 MINEXTENTS 1 MAXEXTENTS 2147483645
  PCTINCREASE 0 FREELISTS 1 FREELIST GROUPS 1 BUFFER_POOL DEFAULT FLASH_CACHE DEFAULT CELL_FLASH_CACHE DEFAULT)
  TABLESPACE "SYSTEM" ;
--------------------------------------------------------
--  DDL for Index PK_PRODUCT
--------------------------------------------------------

  CREATE UNIQUE INDEX "SHOPMASTER"."PK_PRODUCT" ON "SHOPMASTER"."PRODUCT" ("PRODUCT_NO") 
  PCTFREE 10 INITRANS 2 MAXTRANS 255 COMPUTE STATISTICS 
  STORAGE(INITIAL 65536 NEXT 1048576 MINEXTENTS 1 MAXEXTENTS 2147483645
  PCTINCREASE 0 FREELISTS 1 FREELIST GROUPS 1 BUFFER_POOL DEFAULT FLASH_CACHE DEFAULT CELL_FLASH_CACHE DEFAULT)
  TABLESPACE "SYSTEM" ;
--------------------------------------------------------
--  DDL for Index SYS_C0011075
--------------------------------------------------------

  CREATE UNIQUE INDEX "SHOPMASTER"."SYS_C0011075" ON "SHOPMASTER"."PRODUCT" ("PRODUCT_NAME") 
  PCTFREE 10 INITRANS 2 MAXTRANS 255 COMPUTE STATISTICS 
  STORAGE(INITIAL 65536 NEXT 1048576 MINEXTENTS 1 MAXEXTENTS 2147483645
  PCTINCREASE 0 FREELISTS 1 FREELIST GROUPS 1 BUFFER_POOL DEFAULT FLASH_CACHE DEFAULT CELL_FLASH_CACHE DEFAULT)
  TABLESPACE "SYSTEM" ;
--------------------------------------------------------
--  DDL for Index PK_PURCHASE
--------------------------------------------------------

  CREATE UNIQUE INDEX "SHOPMASTER"."PK_PURCHASE" ON "SHOPMASTER"."PURCHASE" ("ORDER_NO") 
  PCTFREE 10 INITRANS 2 MAXTRANS 255 COMPUTE STATISTICS 
  STORAGE(INITIAL 65536 NEXT 1048576 MINEXTENTS 1 MAXEXTENTS 2147483645
  PCTINCREASE 0 FREELISTS 1 FREELIST GROUPS 1 BUFFER_POOL DEFAULT FLASH_CACHE DEFAULT CELL_FLASH_CACHE DEFAULT)
  TABLESPACE "SYSTEM" ;
--------------------------------------------------------
--  DDL for Index PK_REVIEW
--------------------------------------------------------

  CREATE UNIQUE INDEX "SHOPMASTER"."PK_REVIEW" ON "SHOPMASTER"."REVIEW" ("REVIEW_NO") 
  PCTFREE 10 INITRANS 2 MAXTRANS 255 COMPUTE STATISTICS 
  STORAGE(INITIAL 65536 NEXT 1048576 MINEXTENTS 1 MAXEXTENTS 2147483645
  PCTINCREASE 0 FREELISTS 1 FREELIST GROUPS 1 BUFFER_POOL DEFAULT FLASH_CACHE DEFAULT CELL_FLASH_CACHE DEFAULT)
  TABLESPACE "SYSTEM" ;
--------------------------------------------------------
--  DDL for Index PK_SALE_LIST
--------------------------------------------------------

  CREATE UNIQUE INDEX "SHOPMASTER"."PK_SALE_LIST" ON "SHOPMASTER"."SALE_LIST" ("ORDER_NO") 
  PCTFREE 10 INITRANS 2 MAXTRANS 255 COMPUTE STATISTICS 
  STORAGE(INITIAL 65536 NEXT 1048576 MINEXTENTS 1 MAXEXTENTS 2147483645
  PCTINCREASE 0 FREELISTS 1 FREELIST GROUPS 1 BUFFER_POOL DEFAULT FLASH_CACHE DEFAULT CELL_FLASH_CACHE DEFAULT)
  TABLESPACE "SYSTEM" ;
--------------------------------------------------------
--  DDL for Trigger TRG_PRODUCT_STOCK
--------------------------------------------------------

  CREATE OR REPLACE TRIGGER "SHOPMASTER"."TRG_PRODUCT_STOCK" 
AFTER INSERT
ON O_ORDER_LIST
FOR EACH ROW
    BEGIN
        IF :NEW.ORDER_SIZE = 'S'
        THEN 
            UPDATE PRODUCT
            SET product_stock_240 = 
            CASE 
                WHEN product_stock_240 - :NEW.ORDER_QUANTITY < 0 THEN 0
                WHEN product_stock_240 - :NEW.ORDER_QUANTITY >= 0 THEN product_stock_240 - :NEW.ORDER_QUANTITY
            END
            WHERE PRODUCT_NO = :NEW.PRODUCT_NO;
        END IF;
        IF :NEW.ORDER_SIZE = 'M' 
        THEN 
            UPDATE PRODUCT
            SET product_stock_250 = 
            CASE 
                WHEN product_stock_250 - :NEW.ORDER_QUANTITY < 0 THEN 0
                WHEN product_stock_250 - :NEW.ORDER_QUANTITY >= 0 THEN product_stock_250 - :NEW.ORDER_QUANTITY
            END
            WHERE PRODUCT_NO = :NEW.PRODUCT_NO;
        END IF;
        IF :NEW.ORDER_SIZE = 'L' 
        THEN 
            UPDATE PRODUCT
            SET product_stock_260 = 
            CASE 
                WHEN product_stock_260 - :NEW.ORDER_QUANTITY < 0 THEN 0
                WHEN product_stock_260 - :NEW.ORDER_QUANTITY >= 0 THEN product_stock_260 - :NEW.ORDER_QUANTITY
            END
            WHERE PRODUCT_NO = :NEW.PRODUCT_NO;
        END IF;
    END;


/
ALTER TRIGGER "SHOPMASTER"."TRG_PRODUCT_STOCK" ENABLE;
--------------------------------------------------------
--  DDL for Trigger TRG_ORDER_STATUS_REVIEW
--------------------------------------------------------

  CREATE OR REPLACE TRIGGER "SHOPMASTER"."TRG_ORDER_STATUS_REVIEW" 
AFTER INSERT
ON REVIEW
FOR EACH ROW
    BEGIN
        UPDATE O_ORDER_LIST
        SET ORDER_STATUS = 4
        WHERE :NEW.PRODUCT_NO = PRODUCT_NO
        AND :NEW.ORDER_NO = ORDER_NO;
    END;


/
ALTER TRIGGER "SHOPMASTER"."TRG_ORDER_STATUS_REVIEW" ENABLE;
--------------------------------------------------------
--  Constraints for Table ATTACHMENT
--------------------------------------------------------

  ALTER TABLE "SHOPMASTER"."ATTACHMENT" MODIFY ("ATT_NAME" NOT NULL ENABLE);
  ALTER TABLE "SHOPMASTER"."ATTACHMENT" MODIFY ("ATT_STATUS" NOT NULL ENABLE);
  ALTER TABLE "SHOPMASTER"."ATTACHMENT" MODIFY ("PRODUCT_NO" NOT NULL ENABLE);
  ALTER TABLE "SHOPMASTER"."ATTACHMENT" ADD CONSTRAINT "SYS_C009443" CHECK (ATT_LEVEL IN('1','2','3','4')) ENABLE;
  ALTER TABLE "SHOPMASTER"."ATTACHMENT" ADD CHECK (ATT_STATUS IN('Y','N')) ENABLE;
  ALTER TABLE "SHOPMASTER"."ATTACHMENT" ADD CONSTRAINT "PK_ATTACHMENT" PRIMARY KEY ("ATT_NO")
  USING INDEX PCTFREE 10 INITRANS 2 MAXTRANS 255 COMPUTE STATISTICS 
  STORAGE(INITIAL 65536 NEXT 1048576 MINEXTENTS 1 MAXEXTENTS 2147483645
  PCTINCREASE 0 FREELISTS 1 FREELIST GROUPS 1 BUFFER_POOL DEFAULT FLASH_CACHE DEFAULT CELL_FLASH_CACHE DEFAULT)
  TABLESPACE "SYSTEM"  ENABLE;
--------------------------------------------------------
--  Constraints for Table BANK
--------------------------------------------------------

  ALTER TABLE "SHOPMASTER"."BANK" MODIFY ("BANK_NAME" NOT NULL ENABLE);
  ALTER TABLE "SHOPMASTER"."BANK" ADD CONSTRAINT "PK_BANK" PRIMARY KEY ("BANK_CODE")
  USING INDEX PCTFREE 10 INITRANS 2 MAXTRANS 255 COMPUTE STATISTICS 
  STORAGE(INITIAL 65536 NEXT 1048576 MINEXTENTS 1 MAXEXTENTS 2147483645
  PCTINCREASE 0 FREELISTS 1 FREELIST GROUPS 1 BUFFER_POOL DEFAULT FLASH_CACHE DEFAULT CELL_FLASH_CACHE DEFAULT)
  TABLESPACE "SYSTEM"  ENABLE;
  ALTER TABLE "SHOPMASTER"."BANK" ADD UNIQUE ("BANK_NAME")
  USING INDEX PCTFREE 10 INITRANS 2 MAXTRANS 255 COMPUTE STATISTICS 
  STORAGE(INITIAL 65536 NEXT 1048576 MINEXTENTS 1 MAXEXTENTS 2147483645
  PCTINCREASE 0 FREELISTS 1 FREELIST GROUPS 1 BUFFER_POOL DEFAULT FLASH_CACHE DEFAULT CELL_FLASH_CACHE DEFAULT)
  TABLESPACE "SYSTEM"  ENABLE;
--------------------------------------------------------
--  Constraints for Table CART
--------------------------------------------------------

  ALTER TABLE "SHOPMASTER"."CART" MODIFY ("MEMBER_NO" NOT NULL ENABLE);
  ALTER TABLE "SHOPMASTER"."CART" MODIFY ("CART_SIZE" NOT NULL ENABLE);
  ALTER TABLE "SHOPMASTER"."CART" MODIFY ("PRODUCT_NO" NOT NULL ENABLE);
  ALTER TABLE "SHOPMASTER"."CART" ADD CHECK (CART_SIZE IN('S','M','L')) ENABLE;
  ALTER TABLE "SHOPMASTER"."CART" ADD CONSTRAINT "PK_CART" PRIMARY KEY ("CART_NO")
  USING INDEX PCTFREE 10 INITRANS 2 MAXTRANS 255 COMPUTE STATISTICS 
  STORAGE(INITIAL 65536 NEXT 1048576 MINEXTENTS 1 MAXEXTENTS 2147483645
  PCTINCREASE 0 FREELISTS 1 FREELIST GROUPS 1 BUFFER_POOL DEFAULT FLASH_CACHE DEFAULT CELL_FLASH_CACHE DEFAULT)
  TABLESPACE "SYSTEM"  ENABLE;
--------------------------------------------------------
--  Constraints for Table MEMBER
--------------------------------------------------------

  ALTER TABLE "SHOPMASTER"."MEMBER" MODIFY ("MEMBER_ID" NOT NULL ENABLE);
  ALTER TABLE "SHOPMASTER"."MEMBER" MODIFY ("MEMBER_PW" NOT NULL ENABLE);
  ALTER TABLE "SHOPMASTER"."MEMBER" MODIFY ("EMAIL" NOT NULL ENABLE);
  ALTER TABLE "SHOPMASTER"."MEMBER" MODIFY ("PHONE" NOT NULL ENABLE);
  ALTER TABLE "SHOPMASTER"."MEMBER" MODIFY ("ADDRESS" NOT NULL ENABLE);
  ALTER TABLE "SHOPMASTER"."MEMBER" MODIFY ("ENROLL_DATE" NOT NULL ENABLE);
  ALTER TABLE "SHOPMASTER"."MEMBER" MODIFY ("BRAND_NAME" NOT NULL ENABLE);
  ALTER TABLE "SHOPMASTER"."MEMBER" MODIFY ("LOGIN_TYPE" NOT NULL ENABLE);
  ALTER TABLE "SHOPMASTER"."MEMBER" ADD CHECK (LOGIN_TYPE IN ('1','2')) ENABLE;
  ALTER TABLE "SHOPMASTER"."MEMBER" ADD CONSTRAINT "PK_MEMBER" PRIMARY KEY ("MEMBER_NO")
  USING INDEX PCTFREE 10 INITRANS 2 MAXTRANS 255 COMPUTE STATISTICS 
  STORAGE(INITIAL 65536 NEXT 1048576 MINEXTENTS 1 MAXEXTENTS 2147483645
  PCTINCREASE 0 FREELISTS 1 FREELIST GROUPS 1 BUFFER_POOL DEFAULT FLASH_CACHE DEFAULT CELL_FLASH_CACHE DEFAULT)
  TABLESPACE "SYSTEM"  ENABLE;
  ALTER TABLE "SHOPMASTER"."MEMBER" ADD UNIQUE ("MEMBER_ID")
  USING INDEX PCTFREE 10 INITRANS 2 MAXTRANS 255 COMPUTE STATISTICS 
  STORAGE(INITIAL 65536 NEXT 1048576 MINEXTENTS 1 MAXEXTENTS 2147483645
  PCTINCREASE 0 FREELISTS 1 FREELIST GROUPS 1 BUFFER_POOL DEFAULT FLASH_CACHE DEFAULT CELL_FLASH_CACHE DEFAULT)
  TABLESPACE "SYSTEM"  ENABLE;
  ALTER TABLE "SHOPMASTER"."MEMBER" ADD UNIQUE ("MEMBER_NICKNAME")
  USING INDEX PCTFREE 10 INITRANS 2 MAXTRANS 255 COMPUTE STATISTICS 
  STORAGE(INITIAL 65536 NEXT 1048576 MINEXTENTS 1 MAXEXTENTS 2147483645
  PCTINCREASE 0 FREELISTS 1 FREELIST GROUPS 1 BUFFER_POOL DEFAULT FLASH_CACHE DEFAULT CELL_FLASH_CACHE DEFAULT)
  TABLESPACE "SYSTEM"  ENABLE;
  ALTER TABLE "SHOPMASTER"."MEMBER" ADD UNIQUE ("EMAIL")
  USING INDEX PCTFREE 10 INITRANS 2 MAXTRANS 255 COMPUTE STATISTICS 
  STORAGE(INITIAL 65536 NEXT 1048576 MINEXTENTS 1 MAXEXTENTS 2147483645
  PCTINCREASE 0 FREELISTS 1 FREELIST GROUPS 1 BUFFER_POOL DEFAULT FLASH_CACHE DEFAULT CELL_FLASH_CACHE DEFAULT)
  TABLESPACE "SYSTEM"  ENABLE;
--------------------------------------------------------
--  Constraints for Table O_ORDER
--------------------------------------------------------

  ALTER TABLE "SHOPMASTER"."O_ORDER" MODIFY ("RECEIVER_NAME" NOT NULL ENABLE);
  ALTER TABLE "SHOPMASTER"."O_ORDER" MODIFY ("ORDER_ADDRESS" NOT NULL ENABLE);
  ALTER TABLE "SHOPMASTER"."O_ORDER" MODIFY ("ORDER_DATE" NOT NULL ENABLE);
  ALTER TABLE "SHOPMASTER"."O_ORDER" MODIFY ("TOTAL_PRICE" NOT NULL ENABLE);
  ALTER TABLE "SHOPMASTER"."O_ORDER" MODIFY ("MEMBER_NO" NOT NULL ENABLE);
  ALTER TABLE "SHOPMASTER"."O_ORDER" ADD CONSTRAINT "PK_ORDER" PRIMARY KEY ("ORDER_NO")
  USING INDEX PCTFREE 10 INITRANS 2 MAXTRANS 255 COMPUTE STATISTICS 
  STORAGE(INITIAL 65536 NEXT 1048576 MINEXTENTS 1 MAXEXTENTS 2147483645
  PCTINCREASE 0 FREELISTS 1 FREELIST GROUPS 1 BUFFER_POOL DEFAULT FLASH_CACHE DEFAULT CELL_FLASH_CACHE DEFAULT)
  TABLESPACE "SYSTEM"  ENABLE;
--------------------------------------------------------
--  Constraints for Table O_ORDER_LIST
--------------------------------------------------------

  ALTER TABLE "SHOPMASTER"."O_ORDER_LIST" MODIFY ("ORDER_SIZE" NOT NULL ENABLE);
  ALTER TABLE "SHOPMASTER"."O_ORDER_LIST" MODIFY ("ORDER_QUANTITY" NOT NULL ENABLE);
  ALTER TABLE "SHOPMASTER"."O_ORDER_LIST" MODIFY ("ORDER_NO" NOT NULL ENABLE);
  ALTER TABLE "SHOPMASTER"."O_ORDER_LIST" MODIFY ("PRODUCT_NO" NOT NULL ENABLE);
  ALTER TABLE "SHOPMASTER"."O_ORDER_LIST" ADD CHECK (ORDER_SIZE IN('S','M','L')) ENABLE;
  ALTER TABLE "SHOPMASTER"."O_ORDER_LIST" MODIFY ("ORDER_STATUS" NOT NULL ENABLE);
--------------------------------------------------------
--  Constraints for Table PRODUCT
--------------------------------------------------------

  ALTER TABLE "SHOPMASTER"."PRODUCT" MODIFY ("PRODUCT_NAME" NOT NULL ENABLE);
  ALTER TABLE "SHOPMASTER"."PRODUCT" MODIFY ("PRODUCT_PRICE" NOT NULL ENABLE);
  ALTER TABLE "SHOPMASTER"."PRODUCT" MODIFY ("PRODUCT_TYPE" NOT NULL ENABLE);
  ALTER TABLE "SHOPMASTER"."PRODUCT" MODIFY ("MEMBER_NO" NOT NULL ENABLE);
  ALTER TABLE "SHOPMASTER"."PRODUCT" MODIFY ("PRODUCT_STATUS" NOT NULL ENABLE);
  ALTER TABLE "SHOPMASTER"."PRODUCT" MODIFY ("PRODUCT_CATEGORY" NOT NULL ENABLE);
  ALTER TABLE "SHOPMASTER"."PRODUCT" ADD CHECK (PRODUCT_TYPE IN('1', '2')) ENABLE;
  ALTER TABLE "SHOPMASTER"."PRODUCT" ADD CHECK (PRODUCT_STATUS IN('Y', 'N')) ENABLE;
  ALTER TABLE "SHOPMASTER"."PRODUCT" ADD CONSTRAINT "PRODUCT_CAETGORY" CHECK (PRODUCT_CATEGORY IN('1', '2', '3', '4', '5')) ENABLE;
  ALTER TABLE "SHOPMASTER"."PRODUCT" ADD CONSTRAINT "PK_PRODUCT" PRIMARY KEY ("PRODUCT_NO")
  USING INDEX PCTFREE 10 INITRANS 2 MAXTRANS 255 COMPUTE STATISTICS 
  STORAGE(INITIAL 65536 NEXT 1048576 MINEXTENTS 1 MAXEXTENTS 2147483645
  PCTINCREASE 0 FREELISTS 1 FREELIST GROUPS 1 BUFFER_POOL DEFAULT FLASH_CACHE DEFAULT CELL_FLASH_CACHE DEFAULT)
  TABLESPACE "SYSTEM"  ENABLE;
  ALTER TABLE "SHOPMASTER"."PRODUCT" ADD UNIQUE ("PRODUCT_NAME")
  USING INDEX PCTFREE 10 INITRANS 2 MAXTRANS 255 COMPUTE STATISTICS 
  STORAGE(INITIAL 65536 NEXT 1048576 MINEXTENTS 1 MAXEXTENTS 2147483645
  PCTINCREASE 0 FREELISTS 1 FREELIST GROUPS 1 BUFFER_POOL DEFAULT FLASH_CACHE DEFAULT CELL_FLASH_CACHE DEFAULT)
  TABLESPACE "SYSTEM"  ENABLE;
--------------------------------------------------------
--  Constraints for Table PURCHASE
--------------------------------------------------------

  ALTER TABLE "SHOPMASTER"."PURCHASE" ADD CONSTRAINT "PK_PURCHASE" PRIMARY KEY ("ORDER_NO")
  USING INDEX PCTFREE 10 INITRANS 2 MAXTRANS 255 COMPUTE STATISTICS 
  STORAGE(INITIAL 65536 NEXT 1048576 MINEXTENTS 1 MAXEXTENTS 2147483645
  PCTINCREASE 0 FREELISTS 1 FREELIST GROUPS 1 BUFFER_POOL DEFAULT FLASH_CACHE DEFAULT CELL_FLASH_CACHE DEFAULT)
  TABLESPACE "SYSTEM"  ENABLE;
  ALTER TABLE "SHOPMASTER"."PURCHASE" ADD CHECK (PURCHASE_STATUS IN('1', '2', '3')) ENABLE;
  ALTER TABLE "SHOPMASTER"."PURCHASE" MODIFY ("MEMBER_NO" NOT NULL ENABLE);
  ALTER TABLE "SHOPMASTER"."PURCHASE" MODIFY ("PURCHASE_STATUS" NOT NULL ENABLE);
--------------------------------------------------------
--  Constraints for Table REVIEW
--------------------------------------------------------

  ALTER TABLE "SHOPMASTER"."REVIEW" ADD CONSTRAINT "PK_REVIEW" PRIMARY KEY ("REVIEW_NO")
  USING INDEX PCTFREE 10 INITRANS 2 MAXTRANS 255 COMPUTE STATISTICS 
  STORAGE(INITIAL 65536 NEXT 1048576 MINEXTENTS 1 MAXEXTENTS 2147483645
  PCTINCREASE 0 FREELISTS 1 FREELIST GROUPS 1 BUFFER_POOL DEFAULT FLASH_CACHE DEFAULT CELL_FLASH_CACHE DEFAULT)
  TABLESPACE "SYSTEM"  ENABLE;
  ALTER TABLE "SHOPMASTER"."REVIEW" MODIFY ("ORDER_NO" NOT NULL ENABLE);
  ALTER TABLE "SHOPMASTER"."REVIEW" MODIFY ("PRODUCT_NO" NOT NULL ENABLE);
  ALTER TABLE "SHOPMASTER"."REVIEW" MODIFY ("MEMBER_NO" NOT NULL ENABLE);
  ALTER TABLE "SHOPMASTER"."REVIEW" MODIFY ("REVIEW_TITLE" NOT NULL ENABLE);
  ALTER TABLE "SHOPMASTER"."REVIEW" MODIFY ("REVIEW_CONTENTS" NOT NULL ENABLE);
  ALTER TABLE "SHOPMASTER"."REVIEW" MODIFY ("REVIEW_NO" NOT NULL ENABLE);
--------------------------------------------------------
--  Constraints for Table SALE_LIST
--------------------------------------------------------

  ALTER TABLE "SHOPMASTER"."SALE_LIST" ADD CONSTRAINT "PK_SALE_LIST" PRIMARY KEY ("ORDER_NO")
  USING INDEX PCTFREE 10 INITRANS 2 MAXTRANS 255 COMPUTE STATISTICS 
  STORAGE(INITIAL 65536 NEXT 1048576 MINEXTENTS 1 MAXEXTENTS 2147483645
  PCTINCREASE 0 FREELISTS 1 FREELIST GROUPS 1 BUFFER_POOL DEFAULT FLASH_CACHE DEFAULT CELL_FLASH_CACHE DEFAULT)
  TABLESPACE "SYSTEM"  ENABLE;
  ALTER TABLE "SHOPMASTER"."SALE_LIST" ADD CHECK (SALE_STATUS IN ('1', '2', '3')) ENABLE;
  ALTER TABLE "SHOPMASTER"."SALE_LIST" MODIFY ("MEMBER_NO" NOT NULL ENABLE);
  ALTER TABLE "SHOPMASTER"."SALE_LIST" MODIFY ("SALE_STATUS" NOT NULL ENABLE);



--------------------------------------------------------

--------------------------------------------------------
DROP SEQUENCE shopmaster."SEQ_ATT_NO";
DROP SEQUENCE shopmaster."SEQ_CART_NO";
DROP SEQUENCE shopmaster."SEQ_CART_TEMP_NO";
DROP SEQUENCE shopmaster."SEQ_MEMBER_NO";
DROP SEQUENCE shopmaster."SEQ_ORDER_NO";
DROP SEQUENCE shopmaster."SEQ_PRODUCT_NO";
DROP SEQUENCE shopmaster."SEQ_REVIEW_NO";
--------------------------------------------------------
--  DDL for Sequence SEQ_ATT_NO
--------------------------------------------------------

   CREATE SEQUENCE  shopmaster."SEQ_ATT_NO"  MINVALUE 1 MAXVALUE 9999999999999999999999999999 INCREMENT BY 1 START WITH 261 CACHE 20 NOORDER  NOCYCLE ;
--------------------------------------------------------
--  DDL for Sequence SEQ_CART_NO
--------------------------------------------------------

   CREATE SEQUENCE  shopmaster."SEQ_CART_NO"  MINVALUE 1 MAXVALUE 9999999999999999999999999999 INCREMENT BY 1 START WITH 121 CACHE 20 NOORDER  NOCYCLE ;
--------------------------------------------------------
--  DDL for Sequence SEQ_CART_TEMP_NO
--------------------------------------------------------

   CREATE SEQUENCE  shopmaster."SEQ_CART_TEMP_NO"  MINVALUE 1 MAXVALUE 9999999999999999999999999999 INCREMENT BY 1 START WITH 10040 CACHE 20 NOORDER  NOCYCLE ;
--------------------------------------------------------
--  DDL for Sequence SEQ_MEMBER_NO
--------------------------------------------------------

   CREATE SEQUENCE  shopmaster."SEQ_MEMBER_NO"  MINVALUE 1 MAXVALUE 9999999999999999999999999999 INCREMENT BY 1 START WITH 61 CACHE 20 NOORDER  NOCYCLE ;
--------------------------------------------------------
--  DDL for Sequence SEQ_ORDER_NO
--------------------------------------------------------

   CREATE SEQUENCE  shopmaster."SEQ_ORDER_NO"  MINVALUE 1 MAXVALUE 9999999999999999999999999999 INCREMENT BY 1 START WITH 427 CACHE 20 NOORDER  NOCYCLE ;
--------------------------------------------------------
--  DDL for Sequence SEQ_PRODUCT_NO
--------------------------------------------------------

   CREATE SEQUENCE  shopmaster."SEQ_PRODUCT_NO"  MINVALUE 1 MAXVALUE 9999999999999999999999999999 INCREMENT BY 1 START WITH 81 CACHE 20 NOORDER  NOCYCLE ;
--------------------------------------------------------
--  DDL for Sequence SEQ_REVIEW_NO
--------------------------------------------------------

   CREATE SEQUENCE  shopmaster."SEQ_REVIEW_NO"  MINVALUE 1 MAXVALUE 9999999999999999999999999999 INCREMENT BY 1 START WITH 41 CACHE 20 NOORDER  NOCYCLE ;

--------------------------------------------------------
 
--------------------------------------------------------
DROP TRIGGER shopmaster."TRG_ORDER_STATUS_REVIEW";
DROP TRIGGER shopmaster."TRG_PRODUCT_STOCK";
--------------------------------------------------------
--  DDL for Table O_ORDER_LIST
--------------------------------------------------------

  CREATE TABLE shopmaster."O_ORDER_LIST" 
   (	"ORDER_SIZE" CHAR(1 BYTE), 
	"ORDER_QUANTITY" NUMBER, 
	"ORDER_NO" NUMBER, 
	"PRODUCT_NO" NUMBER, 
	"ORDER_STATUS" NUMBER DEFAULT 1
   ) SEGMENT CREATION IMMEDIATE 
  PCTFREE 10 PCTUSED 40 INITRANS 1 MAXTRANS 255 NOCOMPRESS LOGGING
  STORAGE(INITIAL 65536 NEXT 1048576 MINEXTENTS 1 MAXEXTENTS 2147483645
  PCTINCREASE 0 FREELISTS 1 FREELIST GROUPS 1 BUFFER_POOL DEFAULT FLASH_CACHE DEFAULT CELL_FLASH_CACHE DEFAULT)
  TABLESPACE "SYSTEM" ;
--------------------------------------------------------
--  DDL for Table REVIEW
--------------------------------------------------------

  CREATE TABLE shopmaster."REVIEW" 
   (	"REVIEW_NO" NUMBER, 
	"REVIEW_CONTENTS" VARCHAR2(1000 BYTE), 
	"REVIEW_DATE" DATE DEFAULT SYSDATE, 
	"REVIEW_TITLE" VARCHAR2(100 BYTE), 
	"MEMBER_NO" NUMBER, 
	"PRODUCT_NO" NUMBER, 
	"ORDER_NO" NUMBER
   ) SEGMENT CREATION IMMEDIATE 
  PCTFREE 10 PCTUSED 40 INITRANS 1 MAXTRANS 255 NOCOMPRESS LOGGING
  STORAGE(INITIAL 65536 NEXT 1048576 MINEXTENTS 1 MAXEXTENTS 2147483645
  PCTINCREASE 0 FREELISTS 1 FREELIST GROUPS 1 BUFFER_POOL DEFAULT FLASH_CACHE DEFAULT CELL_FLASH_CACHE DEFAULT)
  TABLESPACE "SYSTEM" ;
--------------------------------------------------------
--  DDL for Table PRODUCT
--------------------------------------------------------

  CREATE TABLE shopmaster."PRODUCT" 
   (	"PRODUCT_NO" NUMBER, 
	"PRODUCT_NAME" VARCHAR2(100 BYTE), 
	"PRODUCT_DETAIL" VARCHAR2(2000 BYTE), 
	"PRODUCT_SIZEINFO" VARCHAR2(2000 BYTE), 
	"PRODUCT_SIZE" VARCHAR2(10 BYTE), 
	"PRODUCT_PRICE" NUMBER, 
	"product_stock_240" NUMBER, 
	"product_stock_250" NUMBER, 
	"product_stock_260" NUMBER, 
	"PRODUCT_TYPE" NUMBER DEFAULT 2, 
	"MEMBER_NO" NUMBER, 
	"PRODUCT_STATUS" CHAR(1 BYTE) DEFAULT 'Y', 
	"PRODUCT_CATEGORY" NUMBER
   ) SEGMENT CREATION IMMEDIATE 
  PCTFREE 10 PCTUSED 40 INITRANS 1 MAXTRANS 255 NOCOMPRESS LOGGING
  STORAGE(INITIAL 65536 NEXT 1048576 MINEXTENTS 1 MAXEXTENTS 2147483645
  PCTINCREASE 0 FREELISTS 1 FREELIST GROUPS 1 BUFFER_POOL DEFAULT FLASH_CACHE DEFAULT CELL_FLASH_CACHE DEFAULT)
  TABLESPACE "SYSTEM" ;
--------------------------------------------------------
--  DDL for Trigger TRG_ORDER_STATUS_REVIEW
--------------------------------------------------------

  CREATE OR REPLACE TRIGGER shopmaster."TRG_ORDER_STATUS_REVIEW" 
AFTER INSERT
ON REVIEW
FOR EACH ROW
    BEGIN
        UPDATE O_ORDER_LIST
        SET ORDER_STATUS = 4
        WHERE :NEW.PRODUCT_NO = PRODUCT_NO
        AND :NEW.ORDER_NO = ORDER_NO;
    END;

/
ALTER TRIGGER shopmaster."TRG_ORDER_STATUS_REVIEW" ENABLE;
--------------------------------------------------------
--  DDL for Trigger TRG_PRODUCT_STOCK
--------------------------------------------------------

  CREATE OR REPLACE TRIGGER shopmaster."TRG_PRODUCT_STOCK" 
AFTER INSERT
ON O_ORDER_LIST
FOR EACH ROW
    BEGIN
        IF :NEW.ORDER_SIZE = 'S'
        THEN 
            UPDATE PRODUCT
            SET product_stock_240 = 
            CASE 
                WHEN product_stock_240 - :NEW.ORDER_QUANTITY < 0 THEN 0
                WHEN product_stock_240 - :NEW.ORDER_QUANTITY >= 0 THEN product_stock_240 - :NEW.ORDER_QUANTITY
            END
            WHERE PRODUCT_NO = :NEW.PRODUCT_NO;
        END IF;
        IF :NEW.ORDER_SIZE = 'M' 
        THEN 
            UPDATE PRODUCT
            SET product_stock_250 = 
            CASE 
                WHEN product_stock_250 - :NEW.ORDER_QUANTITY < 0 THEN 0
                WHEN product_stock_250 - :NEW.ORDER_QUANTITY >= 0 THEN product_stock_250 - :NEW.ORDER_QUANTITY
            END
            WHERE PRODUCT_NO = :NEW.PRODUCT_NO;
        END IF;
        IF :NEW.ORDER_SIZE = 'L' 
        THEN 
            UPDATE PRODUCT
            SET product_stock_260 = 
            CASE 
                WHEN product_stock_260 - :NEW.ORDER_QUANTITY < 0 THEN 0
                WHEN product_stock_260 - :NEW.ORDER_QUANTITY >= 0 THEN product_stock_260 - :NEW.ORDER_QUANTITY
            END
            WHERE PRODUCT_NO = :NEW.PRODUCT_NO;
        END IF;
    END;

/
ALTER TRIGGER shopmaster."TRG_PRODUCT_STOCK" ENABLE;

commit;
