--------------------------------------------------------
--  파일이 생성됨 - 목요일-9월-15-2022   
--------------------------------------------------------
-- 내부 생성기를 시도하는 DBMS_METADATA로 SHOPMASTER.ATTACHMENT 객체에 대한 TABLE DDL을 렌더링할 수 없습니다.
ALTER TABLE ATTACHMENT
ADD CONSTRAINT SYS_C007505 CHECK 
(ATT_STATUS IN('Y','N'))
ENABLE
ALTER TABLE ATTACHMENT
ADD CONSTRAINT SYS_C009443 CHECK 
(ATT_LEVEL IN('1','2','3','4'))
ENABLECREATE TABLE ATTACHMENT 
(
  ATT_NO NUMBER NOT NULL 
, ATT_NAME VARCHAR2(100 BYTE) NOT NULL 
, ATT_DATE DATE DEFAULT SYSDATE 
, ATT_LEVEL NUMBER(1, 0) 
, ATT_STATUS CHAR(1 BYTE) DEFAULT 'Y' NOT NULL 
, PRODUCT_NO NUMBER NOT NULL 
) 
LOGGING 
TABLESPACE SYSTEM 
PCTFREE 10 
PCTUSED 40 
INITRANS 1 
STORAGE 
( 
  INITIAL 65536 
  NEXT 1048576 
  MINEXTENTS 1 
  MAXEXTENTS UNLIMITED 
  FREELISTS 1 
  FREELIST GROUPS 1 
  BUFFER_POOL DEFAULT 
) 
NOPARALLELCREATE UNIQUE INDEX PK_ATTACHMENT ON ATTACHMENT (ATT_NO ASC) 
LOGGING 
TABLESPACE SYSTEM 
PCTFREE 10 
INITRANS 2 
STORAGE 
( 
  INITIAL 65536 
  NEXT 1048576 
  MINEXTENTS 1 
  MAXEXTENTS UNLIMITED 
  FREELISTS 1 
  FREELIST GROUPS 1 
  BUFFER_POOL DEFAULT 
) 
NOPARALLELALTER TABLE ATTACHMENT
ADD CONSTRAINT PK_ATTACHMENT PRIMARY KEY 
(
  ATT_NO 
)
USING INDEX SHOPMASTER.PK_ATTACHMENT
ENABLE
-- 내부 생성기를 시도하는 DBMS_METADATA로 SHOPMASTER.BANK 객체에 대한 TABLE DDL을 렌더링할 수 없습니다.
ALTER TABLE BANK
ADD CONSTRAINT SYS_C007509 UNIQUE 
(
  BANK_NAME 
)
USING INDEX SHOPMASTER.SYS_C0011046
ENABLECREATE TABLE BANK 
(
  BANK_CODE VARCHAR2(30 BYTE) NOT NULL 
, BANK_NAME VARCHAR2(30 BYTE) NOT NULL 
) 
LOGGING 
TABLESPACE SYSTEM 
PCTFREE 10 
PCTUSED 40 
INITRANS 1 
STORAGE 
( 
  INITIAL 65536 
  NEXT 1048576 
  MINEXTENTS 1 
  MAXEXTENTS UNLIMITED 
  FREELISTS 1 
  FREELIST GROUPS 1 
  BUFFER_POOL DEFAULT 
) 
NOPARALLELCREATE UNIQUE INDEX PK_BANK ON BANK (BANK_CODE ASC) 
LOGGING 
TABLESPACE SYSTEM 
PCTFREE 10 
INITRANS 2 
STORAGE 
( 
  INITIAL 65536 
  NEXT 1048576 
  MINEXTENTS 1 
  MAXEXTENTS UNLIMITED 
  FREELISTS 1 
  FREELIST GROUPS 1 
  BUFFER_POOL DEFAULT 
) 
NOPARALLEL
CREATE UNIQUE INDEX SYS_C0011046 ON BANK (BANK_NAME ASC) 
LOGGING 
TABLESPACE SYSTEM 
PCTFREE 10 
INITRANS 2 
STORAGE 
( 
  INITIAL 65536 
  NEXT 1048576 
  MINEXTENTS 1 
  MAXEXTENTS UNLIMITED 
  FREELISTS 1 
  FREELIST GROUPS 1 
  BUFFER_POOL DEFAULT 
) 
NOPARALLELALTER TABLE BANK
ADD CONSTRAINT PK_BANK PRIMARY KEY 
(
  BANK_CODE 
)
USING INDEX SHOPMASTER.PK_BANK
ENABLE
-- 내부 생성기를 시도하는 DBMS_METADATA로 SHOPMASTER.CART 객체에 대한 TABLE DDL을 렌더링할 수 없습니다.
ALTER TABLE CART
ADD CONSTRAINT FK_CART_MEMBER_NO FOREIGN KEY
(
  MEMBER_NO 
)
REFERENCES MEMBER
(
  MEMBER_NO 
)
ON DELETE CASCADE ENABLE
ALTER TABLE CART
ADD CONSTRAINT FK_CART_PRODUCT_NO FOREIGN KEY
(
  PRODUCT_NO 
)
REFERENCES PRODUCT
(
  PRODUCT_NO 
)
ON DELETE CASCADE ENABLECREATE TABLE CART 
(
  CART_NO NUMBER NOT NULL 
, MEMBER_NO NUMBER NOT NULL 
, CART_QUANTITY NUMBER 
, CART_SIZE CHAR(3 BYTE) NOT NULL 
, PRODUCT_NO NUMBER NOT NULL 
) 
LOGGING 
TABLESPACE SYSTEM 
PCTFREE 10 
PCTUSED 40 
INITRANS 1 
STORAGE 
( 
  INITIAL 65536 
  NEXT 1048576 
  MINEXTENTS 1 
  MAXEXTENTS UNLIMITED 
  FREELISTS 1 
  FREELIST GROUPS 1 
  BUFFER_POOL DEFAULT 
) 
NOPARALLELCREATE UNIQUE INDEX PK_CART ON CART (CART_NO ASC) 
LOGGING 
TABLESPACE SYSTEM 
PCTFREE 10 
INITRANS 2 
STORAGE 
( 
  INITIAL 65536 
  NEXT 1048576 
  MINEXTENTS 1 
  MAXEXTENTS UNLIMITED 
  FREELISTS 1 
  FREELIST GROUPS 1 
  BUFFER_POOL DEFAULT 
) 
NOPARALLELALTER TABLE CART
ADD CONSTRAINT PK_CART PRIMARY KEY 
(
  CART_NO 
)
USING INDEX SHOPMASTER.PK_CART
ENABLE
-- 내부 생성기를 시도하는 DBMS_METADATA로 SHOPMASTER.MEMBER 객체에 대한 TABLE DDL을 렌더링할 수 없습니다.
ALTER TABLE MEMBER
ADD CONSTRAINT SYS_C007525 UNIQUE 
(
  MEMBER_ID 
)
USING INDEX SHOPMASTER.SYS_C0011057
ENABLE
ALTER TABLE MEMBER
ADD CONSTRAINT SYS_C007526 UNIQUE 
(
  MEMBER_NICKNAME 
)
USING INDEX SHOPMASTER.SYS_C0011058
ENABLE
ALTER TABLE MEMBER
ADD CONSTRAINT SYS_C007527 UNIQUE 
(
  EMAIL 
)
USING INDEX SHOPMASTER.SYS_C0011060
ENABLEALTER TABLE MEMBER
ADD CONSTRAINT SYS_C007523 CHECK 
(LOGIN_TYPE IN ('1','2'))
ENABLEALTER TABLE MEMBER
ADD CONSTRAINT FK_MEMBER_BANK_CODE FOREIGN KEY
(
  BANK_CODE 
)
REFERENCES BANK
(
  BANK_CODE 
)
ENABLECREATE TABLE MEMBER 
(
  MEMBER_NO NUMBER NOT NULL 
, MEMBER_ID VARCHAR2(30 BYTE) NOT NULL 
, MEMBER_NICKNAME VARCHAR2(30 BYTE) 
, MEMBER_PW VARCHAR2(100 BYTE) NOT NULL 
, MEMBER_NAME VARCHAR2(15 BYTE) 
, EMAIL VARCHAR2(30 BYTE) NOT NULL 
, PHONE VARCHAR2(13 BYTE) NOT NULL 
, ADDRESS VARCHAR2(300 BYTE) NOT NULL 
, ENROLL_DATE DATE DEFAULT SYSDATE NOT NULL 
, BRAND_NAME VARCHAR2(30 BYTE) DEFAULT '중고' NOT NULL 
, ACCOUNT_NUMBER VARCHAR2(30 BYTE) 
, LOGIN_TYPE NUMBER NOT NULL 
, BANK_CODE VARCHAR2(30 BYTE) 
) 
LOGGING 
TABLESPACE SYSTEM 
PCTFREE 10 
PCTUSED 40 
INITRANS 1 
STORAGE 
( 
  INITIAL 65536 
  NEXT 1048576 
  MINEXTENTS 1 
  MAXEXTENTS UNLIMITED 
  FREELISTS 1 
  FREELIST GROUPS 1 
  BUFFER_POOL DEFAULT 
) 
NOPARALLELCREATE UNIQUE INDEX PK_MEMBER ON MEMBER (MEMBER_NO ASC) 
LOGGING 
TABLESPACE SYSTEM 
PCTFREE 10 
INITRANS 2 
STORAGE 
( 
  INITIAL 65536 
  NEXT 1048576 
  MINEXTENTS 1 
  MAXEXTENTS UNLIMITED 
  FREELISTS 1 
  FREELIST GROUPS 1 
  BUFFER_POOL DEFAULT 
) 
NOPARALLEL
CREATE UNIQUE INDEX SYS_C0011057 ON MEMBER (MEMBER_ID ASC) 
LOGGING 
TABLESPACE SYSTEM 
PCTFREE 10 
INITRANS 2 
STORAGE 
( 
  INITIAL 65536 
  NEXT 1048576 
  MINEXTENTS 1 
  MAXEXTENTS UNLIMITED 
  FREELISTS 1 
  FREELIST GROUPS 1 
  BUFFER_POOL DEFAULT 
) 
NOPARALLEL
CREATE UNIQUE INDEX SYS_C0011058 ON MEMBER (MEMBER_NICKNAME ASC) 
LOGGING 
TABLESPACE SYSTEM 
PCTFREE 10 
INITRANS 2 
STORAGE 
( 
  INITIAL 65536 
  NEXT 1048576 
  MINEXTENTS 1 
  MAXEXTENTS UNLIMITED 
  FREELISTS 1 
  FREELIST GROUPS 1 
  BUFFER_POOL DEFAULT 
) 
NOPARALLEL
CREATE UNIQUE INDEX SYS_C0011059 ON MEMBER (MEMBER_PW ASC) 
LOGGING 
TABLESPACE SYSTEM 
PCTFREE 10 
INITRANS 2 
STORAGE 
( 
  INITIAL 65536 
  NEXT 1048576 
  MINEXTENTS 1 
  MAXEXTENTS UNLIMITED 
  FREELISTS 1 
  FREELIST GROUPS 1 
  BUFFER_POOL DEFAULT 
) 
NOPARALLEL
CREATE UNIQUE INDEX SYS_C0011060 ON MEMBER (EMAIL ASC) 
LOGGING 
TABLESPACE SYSTEM 
PCTFREE 10 
INITRANS 2 
STORAGE 
( 
  INITIAL 65536 
  NEXT 1048576 
  MINEXTENTS 1 
  MAXEXTENTS UNLIMITED 
  FREELISTS 1 
  FREELIST GROUPS 1 
  BUFFER_POOL DEFAULT 
) 
NOPARALLEL
CREATE UNIQUE INDEX SYS_C0011061 ON MEMBER (PHONE ASC) 
LOGGING 
TABLESPACE SYSTEM 
PCTFREE 10 
INITRANS 2 
STORAGE 
( 
  INITIAL 65536 
  NEXT 1048576 
  MINEXTENTS 1 
  MAXEXTENTS UNLIMITED 
  FREELISTS 1 
  FREELIST GROUPS 1 
  BUFFER_POOL DEFAULT 
) 
NOPARALLEL
CREATE UNIQUE INDEX SYS_C0011062 ON MEMBER (ACCOUNT_NUMBER ASC) 
LOGGING 
TABLESPACE SYSTEM 
PCTFREE 10 
INITRANS 2 
STORAGE 
( 
  INITIAL 65536 
  NEXT 1048576 
  MINEXTENTS 1 
  MAXEXTENTS UNLIMITED 
  FREELISTS 1 
  FREELIST GROUPS 1 
  BUFFER_POOL DEFAULT 
) 
NOPARALLELALTER TABLE MEMBER
ADD CONSTRAINT PK_MEMBER PRIMARY KEY 
(
  MEMBER_NO 
)
USING INDEX SHOPMASTER.PK_MEMBER
ENABLE
-- 내부 생성기를 시도하는 DBMS_METADATA로 SHOPMASTER.O_ORDER 객체에 대한 TABLE DDL을 렌더링할 수 없습니다.
ALTER TABLE O_ORDER
ADD CONSTRAINT FK_ORDER_MEMBER_NO FOREIGN KEY
(
  MEMBER_NO 
)
REFERENCES MEMBER
(
  MEMBER_NO 
)
ON DELETE CASCADE ENABLECREATE TABLE O_ORDER 
(
  ORDER_NO NUMBER NOT NULL 
, RECEIVER_NAME VARCHAR2(15 BYTE) NOT NULL 
, ORDER_ADDRESS VARCHAR2(300 BYTE) NOT NULL 
, ORDER_DATE DATE DEFAULT SYSDATE NOT NULL 
, ORDER_MEMO VARCHAR2(60 BYTE) 
, TOTAL_PRICE NUMBER NOT NULL 
, MEMBER_NO NUMBER NOT NULL 
) 
LOGGING 
TABLESPACE SYSTEM 
PCTFREE 10 
PCTUSED 40 
INITRANS 1 
STORAGE 
( 
  INITIAL 65536 
  NEXT 1048576 
  MINEXTENTS 1 
  MAXEXTENTS UNLIMITED 
  FREELISTS 1 
  FREELIST GROUPS 1 
  BUFFER_POOL DEFAULT 
) 
NOPARALLELCREATE UNIQUE INDEX PK_ORDER ON O_ORDER (ORDER_NO ASC) 
LOGGING 
TABLESPACE SYSTEM 
PCTFREE 10 
INITRANS 2 
STORAGE 
( 
  INITIAL 65536 
  NEXT 1048576 
  MINEXTENTS 1 
  MAXEXTENTS UNLIMITED 
  FREELISTS 1 
  FREELIST GROUPS 1 
  BUFFER_POOL DEFAULT 
) 
NOPARALLELALTER TABLE O_ORDER
ADD CONSTRAINT PK_ORDER PRIMARY KEY 
(
  ORDER_NO 
)
USING INDEX SHOPMASTER.PK_ORDER
ENABLE
-- 내부 생성기를 시도하는 DBMS_METADATA로 SHOPMASTER.O_ORDER_LIST 객체에 대한 TABLE DDL을 렌더링할 수 없습니다.
CREATE TABLE O_ORDER_LIST 
(
  ORDER_QUANTITY NUMBER NOT NULL 
, ORDER_NO NUMBER NOT NULL 
, PRODUCT_NO NUMBER NOT NULL 
, ORDER_STATUS NUMBER DEFAULT 1 NOT NULL 
, ORDER_SIZE NUMBER(3, 0) 
) 
LOGGING 
TABLESPACE SYSTEM 
PCTFREE 10 
PCTUSED 40 
INITRANS 1 
STORAGE 
( 
  INITIAL 65536 
  NEXT 1048576 
  MINEXTENTS 1 
  MAXEXTENTS UNLIMITED 
  FREELISTS 1 
  FREELIST GROUPS 1 
  BUFFER_POOL DEFAULT 
) 
NOPARALLEL
-- 내부 생성기를 시도하는 DBMS_METADATA로 SHOPMASTER.PURCHASE 객체에 대한 TABLE DDL을 렌더링할 수 없습니다.
ALTER TABLE PURCHASE
ADD CONSTRAINT SYS_C007552 CHECK 
(PURCHASE_STATUS IN('1', '2', '3'))
ENABLECREATE TABLE PURCHASE 
(
  ORDER_NO NUMBER NOT NULL 
, PURCHASE_STATUS NUMBER DEFAULT 1 NOT NULL 
, MEMBER_NO NUMBER NOT NULL 
) 
LOGGING 
TABLESPACE SYSTEM 
PCTFREE 10 
PCTUSED 40 
INITRANS 1 
STORAGE 
( 
  INITIAL 65536 
  NEXT 1048576 
  MINEXTENTS 1 
  MAXEXTENTS UNLIMITED 
  FREELISTS 1 
  FREELIST GROUPS 1 
  BUFFER_POOL DEFAULT 
) 
NOPARALLELCREATE UNIQUE INDEX PK_PURCHASE ON PURCHASE (ORDER_NO ASC) 
LOGGING 
TABLESPACE SYSTEM 
PCTFREE 10 
INITRANS 2 
STORAGE 
( 
  INITIAL 65536 
  NEXT 1048576 
  MINEXTENTS 1 
  MAXEXTENTS UNLIMITED 
  FREELISTS 1 
  FREELIST GROUPS 1 
  BUFFER_POOL DEFAULT 
) 
NOPARALLELALTER TABLE PURCHASE
ADD CONSTRAINT PK_PURCHASE PRIMARY KEY 
(
  ORDER_NO 
)
USING INDEX SHOPMASTER.PK_PURCHASE
ENABLE
-- 내부 생성기를 시도하는 DBMS_METADATA로 SHOPMASTER.PRODUCT 객체에 대한 TABLE DDL을 렌더링할 수 없습니다.
ALTER TABLE PRODUCT
ADD CONSTRAINT SYS_C007550 UNIQUE 
(
  PRODUCT_NAME 
)
USING INDEX SHOPMASTER.SYS_C0011075
ENABLEALTER TABLE PRODUCT
ADD CONSTRAINT PRODUCT_CAETGORY CHECK 
(PRODUCT_CATEGORY IN('1', '2', '3', '4', '5'))
ENABLE
ALTER TABLE PRODUCT
ADD CONSTRAINT SYS_C007546 CHECK 
(PRODUCT_TYPE IN('1', '2'))
ENABLE
ALTER TABLE PRODUCT
ADD CONSTRAINT SYS_C007547 CHECK 
(PRODUCT_STATUS IN('Y', 'N'))
ENABLEALTER TABLE PRODUCT
ADD CONSTRAINT FK_PRODUCT_MEMBER_NO FOREIGN KEY
(
  MEMBER_NO 
)
REFERENCES MEMBER
(
  MEMBER_NO 
)
ON DELETE CASCADE ENABLECREATE TABLE PRODUCT 
(
  PRODUCT_NO NUMBER NOT NULL 
, PRODUCT_NAME VARCHAR2(100 BYTE) NOT NULL 
, PRODUCT_DETAIL VARCHAR2(2000 BYTE) 
, PRODUCT_SIZEINFO VARCHAR2(2000 BYTE) 
, PRODUCT_SIZE VARCHAR2(10 BYTE) 
, PRODUCT_PRICE NUMBER NOT NULL 
, PRODUCT_STOCK_240 NUMBER 
, PRODUCT_STOCK_250 NUMBER 
, PRODUCT_STOCK_260 NUMBER 
, PRODUCT_TYPE NUMBER DEFAULT 2 NOT NULL 
, MEMBER_NO NUMBER NOT NULL 
, PRODUCT_STATUS CHAR(1 BYTE) DEFAULT 'Y' NOT NULL 
, PRODUCT_CATEGORY NUMBER NOT NULL 
, PRODUCT_TOT_RATING NUMBER(*, 0) DEFAULT 0 
, PRODUCT_TOT_RATINGNUM NUMBER(*, 0) DEFAULT 0 
, SECOND_BRAND_NAME VARCHAR2(100 BYTE) DEFAULT 'N' NOT NULL 
, PRODUCT_STOCK_270 NUMBER 
, PRODUCT_STOCK_280 NUMBER 
) 
LOGGING 
TABLESPACE SYSTEM 
PCTFREE 10 
PCTUSED 40 
INITRANS 1 
STORAGE 
( 
  INITIAL 65536 
  NEXT 1048576 
  MINEXTENTS 1 
  MAXEXTENTS UNLIMITED 
  FREELISTS 1 
  FREELIST GROUPS 1 
  BUFFER_POOL DEFAULT 
) 
NOPARALLELCREATE UNIQUE INDEX PK_PRODUCT ON PRODUCT (PRODUCT_NO ASC) 
LOGGING 
TABLESPACE SYSTEM 
PCTFREE 10 
INITRANS 2 
STORAGE 
( 
  INITIAL 65536 
  NEXT 1048576 
  MINEXTENTS 1 
  MAXEXTENTS UNLIMITED 
  FREELISTS 1 
  FREELIST GROUPS 1 
  BUFFER_POOL DEFAULT 
) 
NOPARALLEL
CREATE UNIQUE INDEX SYS_C0011075 ON PRODUCT (PRODUCT_NAME ASC) 
LOGGING 
TABLESPACE SYSTEM 
PCTFREE 10 
INITRANS 2 
STORAGE 
( 
  INITIAL 65536 
  NEXT 1048576 
  MINEXTENTS 1 
  MAXEXTENTS UNLIMITED 
  FREELISTS 1 
  FREELIST GROUPS 1 
  BUFFER_POOL DEFAULT 
) 
NOPARALLELALTER TABLE PRODUCT
ADD CONSTRAINT PK_PRODUCT PRIMARY KEY 
(
  PRODUCT_NO 
)
USING INDEX SHOPMASTER.PK_PRODUCT
ENABLE
-- 내부 생성기를 시도하는 DBMS_METADATA로 SHOPMASTER.REVIEW 객체에 대한 TABLE DDL을 렌더링할 수 없습니다.
ALTER TABLE REVIEW
ADD CONSTRAINT FK_REVIEW_MEMBER_NO FOREIGN KEY
(
  MEMBER_NO 
)
REFERENCES MEMBER
(
  MEMBER_NO 
)
ON DELETE CASCADE ENABLE
ALTER TABLE REVIEW
ADD CONSTRAINT FK_REVIEW_ORDER_NO FOREIGN KEY
(
  ORDER_NO 
)
REFERENCES O_ORDER
(
  ORDER_NO 
)
ON DELETE CASCADE ENABLE
ALTER TABLE REVIEW
ADD CONSTRAINT FK_REVIEW_PRODUCT_NO FOREIGN KEY
(
  PRODUCT_NO 
)
REFERENCES PRODUCT
(
  PRODUCT_NO 
)
ON DELETE CASCADE ENABLECREATE TABLE REVIEW 
(
  REVIEW_NO NUMBER NOT NULL 
, REVIEW_CONTENTS VARCHAR2(1000 BYTE) NOT NULL 
, REVIEW_DATE DATE DEFAULT SYSDATE 
, REVIEW_TITLE VARCHAR2(100 BYTE) NOT NULL 
, MEMBER_NO NUMBER NOT NULL 
, PRODUCT_NO NUMBER NOT NULL 
, ORDER_NO NUMBER NOT NULL 
, REVIEW_RATING NUMBER(1, 0) 
, REVIEWATT_NAME VARCHAR2(80 BYTE) DEFAULT 'NO_IMAGE.png' 
) 
LOGGING 
TABLESPACE SYSTEM 
PCTFREE 10 
PCTUSED 40 
INITRANS 1 
STORAGE 
( 
  INITIAL 65536 
  NEXT 1048576 
  MINEXTENTS 1 
  MAXEXTENTS UNLIMITED 
  FREELISTS 1 
  FREELIST GROUPS 1 
  BUFFER_POOL DEFAULT 
) 
NOPARALLELCREATE UNIQUE INDEX PK_REVIEW ON REVIEW (REVIEW_NO ASC) 
LOGGING 
TABLESPACE SYSTEM 
PCTFREE 10 
INITRANS 2 
STORAGE 
( 
  INITIAL 65536 
  NEXT 1048576 
  MINEXTENTS 1 
  MAXEXTENTS UNLIMITED 
  FREELISTS 1 
  FREELIST GROUPS 1 
  BUFFER_POOL DEFAULT 
) 
NOPARALLELALTER TABLE REVIEW
ADD CONSTRAINT PK_REVIEW PRIMARY KEY 
(
  REVIEW_NO 
)
USING INDEX SHOPMASTER.PK_REVIEW
ENABLE
-- 내부 생성기를 시도하는 DBMS_METADATA로 SHOPMASTER.REVIEWATT 객체에 대한 TABLE DDL을 렌더링할 수 없습니다.
ALTER TABLE REVIEWATT
ADD CONSTRAINT REVIEWATT_FK1 FOREIGN KEY
(
  MEMBER_NO 
)
REFERENCES MEMBER
(
  MEMBER_NO 
)
ON DELETE CASCADE ENABLE
ALTER TABLE REVIEWATT
ADD CONSTRAINT REVIEWATT_FK2 FOREIGN KEY
(
  PRODUCT_NO 
)
REFERENCES PRODUCT
(
  PRODUCT_NO 
)
ON DELETE CASCADE ENABLECREATE TABLE REVIEWATT 
(
  REVIEWATT_NO NUMBER(8, 0) NOT NULL 
, ATT_NAME VARCHAR2(20 BYTE) NOT NULL 
, MEMBER_NO NUMBER(8, 0) NOT NULL 
, PRODUCT_NO NUMBER(8, 0) NOT NULL 
, ATT_LEVEL NUMBER(4, 0) NOT NULL 
) 
LOGGING 
TABLESPACE SYSTEM 
PCTFREE 10 
PCTUSED 40 
INITRANS 1 
STORAGE 
( 
  INITIAL 65536 
  NEXT 1048576 
  MINEXTENTS 1 
  MAXEXTENTS UNLIMITED 
  FREELISTS 1 
  FREELIST GROUPS 1 
  BUFFER_POOL DEFAULT 
) 
NOPARALLELCREATE UNIQUE INDEX REVIEWATT_PK ON REVIEWATT (REVIEWATT_NO ASC) 
LOGGING 
TABLESPACE SYSTEM 
PCTFREE 10 
INITRANS 2 
STORAGE 
( 
  INITIAL 65536 
  NEXT 1048576 
  MINEXTENTS 1 
  MAXEXTENTS UNLIMITED 
  FREELISTS 1 
  FREELIST GROUPS 1 
  BUFFER_POOL DEFAULT 
) 
NOPARALLELALTER TABLE REVIEWATT
ADD CONSTRAINT REVIEWATT_PK PRIMARY KEY 
(
  REVIEWATT_NO 
)
USING INDEX SHOPMASTER.REVIEWATT_PK
ENABLE
-- 내부 생성기를 시도하는 DBMS_METADATA로 SHOPMASTER.SALE_LIST 객체에 대한 TABLE DDL을 렌더링할 수 없습니다.
ALTER TABLE SALE_LIST
ADD CONSTRAINT SYS_C007563 CHECK 
(SALE_STATUS IN ('1', '2', '3'))
ENABLEALTER TABLE SALE_LIST
ADD CONSTRAINT FK_SALE_LIST_MEMBER_NO FOREIGN KEY
(
  MEMBER_NO 
)
REFERENCES MEMBER
(
  MEMBER_NO 
)
ON DELETE CASCADE ENABLE
ALTER TABLE SALE_LIST
ADD CONSTRAINT FK_SALE_LIST_ORDER_NO FOREIGN KEY
(
  ORDER_NO 
)
REFERENCES O_ORDER
(
  ORDER_NO 
)
ON DELETE CASCADE ENABLECREATE TABLE SALE_LIST 
(
  ORDER_NO NUMBER NOT NULL 
, SALE_STATUS NUMBER DEFAULT 1 NOT NULL 
, MEMBER_NO NUMBER NOT NULL 
) 
LOGGING 
TABLESPACE SYSTEM 
PCTFREE 10 
PCTUSED 40 
INITRANS 1 
STORAGE 
( 
  INITIAL 65536 
  NEXT 1048576 
  MINEXTENTS 1 
  MAXEXTENTS UNLIMITED 
  FREELISTS 1 
  FREELIST GROUPS 1 
  BUFFER_POOL DEFAULT 
) 
NOPARALLELCREATE UNIQUE INDEX PK_SALE_LIST ON SALE_LIST (ORDER_NO ASC) 
LOGGING 
TABLESPACE SYSTEM 
PCTFREE 10 
INITRANS 2 
STORAGE 
( 
  INITIAL 65536 
  NEXT 1048576 
  MINEXTENTS 1 
  MAXEXTENTS UNLIMITED 
  FREELISTS 1 
  FREELIST GROUPS 1 
  BUFFER_POOL DEFAULT 
) 
NOPARALLELALTER TABLE SALE_LIST
ADD CONSTRAINT PK_SALE_LIST PRIMARY KEY 
(
  ORDER_NO 
)
USING INDEX SHOPMASTER.PK_SALE_LIST
ENABLE
REM INSERTING into SHOPMASTER.ATTACHMENT
SET DEFINE OFF;
Insert into SHOPMASTER.ATTACHMENT (ATT_NO,ATT_NAME,ATT_DATE,ATT_LEVEL,ATT_STATUS,PRODUCT_NO) values (277,'버버리 모노그램 토 펌프스.png',to_date('','RR/MM/DD'),1,'Y',97);
Insert into SHOPMASTER.ATTACHMENT (ATT_NO,ATT_NAME,ATT_DATE,ATT_LEVEL,ATT_STATUS,PRODUCT_NO) values (278,'버버리 모노그램 토 펌프스2.png',to_date('','RR/MM/DD'),2,'Y',97);
Insert into SHOPMASTER.ATTACHMENT (ATT_NO,ATT_NAME,ATT_DATE,ATT_LEVEL,ATT_STATUS,PRODUCT_NO) values (279,'버버리 폴리시드 레더 로퍼.png',to_date('','RR/MM/DD'),1,'Y',98);
Insert into SHOPMASTER.ATTACHMENT (ATT_NO,ATT_NAME,ATT_DATE,ATT_LEVEL,ATT_STATUS,PRODUCT_NO) values (280,'버버리 폴리시드 레더 로퍼2.png',to_date('','RR/MM/DD'),2,'Y',98);
Insert into SHOPMASTER.ATTACHMENT (ATT_NO,ATT_NAME,ATT_DATE,ATT_LEVEL,ATT_STATUS,PRODUCT_NO) values (281,'20210623_013144722_475.jpg',to_date('','RR/MM/DD'),1,'Y',99);
Insert into SHOPMASTER.ATTACHMENT (ATT_NO,ATT_NAME,ATT_DATE,ATT_LEVEL,ATT_STATUS,PRODUCT_NO) values (282,'20210622_173846777_992.jpeg',to_date('','RR/MM/DD'),1,'Y',100);
Insert into SHOPMASTER.ATTACHMENT (ATT_NO,ATT_NAME,ATT_DATE,ATT_LEVEL,ATT_STATUS,PRODUCT_NO) values (293,'VG-R 런닝화 검흰 CK7583-002.jpg',to_date('','RR/MM/DD'),1,'Y',104);
Insert into SHOPMASTER.ATTACHMENT (ATT_NO,ATT_NAME,ATT_DATE,ATT_LEVEL,ATT_STATUS,PRODUCT_NO) values (291,'Nike.jpg',to_date('','RR/MM/DD'),1,'Y',102);
Insert into SHOPMASTER.ATTACHMENT (ATT_NO,ATT_NAME,ATT_DATE,ATT_LEVEL,ATT_STATUS,PRODUCT_NO) values (285,'20210622_174028410_244.png',to_date('','RR/MM/DD'),1,'Y',101);
Insert into SHOPMASTER.ATTACHMENT (ATT_NO,ATT_NAME,ATT_DATE,ATT_LEVEL,ATT_STATUS,PRODUCT_NO) values (292,'중고샌들.jpg',to_date('','RR/MM/DD'),1,'Y',103);
Insert into SHOPMASTER.ATTACHMENT (ATT_NO,ATT_NAME,ATT_DATE,ATT_LEVEL,ATT_STATUS,PRODUCT_NO) values (294,'VG-R 런닝화 검흰 CK7583-2.jpg',to_date('','RR/MM/DD'),2,'Y',104);
Insert into SHOPMASTER.ATTACHMENT (ATT_NO,ATT_NAME,ATT_DATE,ATT_LEVEL,ATT_STATUS,PRODUCT_NO) values (295,'20210623_013429250_245.jpg',to_date('','RR/MM/DD'),1,'Y',105);
Insert into SHOPMASTER.ATTACHMENT (ATT_NO,ATT_NAME,ATT_DATE,ATT_LEVEL,ATT_STATUS,PRODUCT_NO) values (296,'20210623_013309958_652.jpg',to_date('','RR/MM/DD'),1,'Y',106);
Insert into SHOPMASTER.ATTACHMENT (ATT_NO,ATT_NAME,ATT_DATE,ATT_LEVEL,ATT_STATUS,PRODUCT_NO) values (297,'20210623_013309957_924.jpg',to_date('','RR/MM/DD'),1,'Y',107);
Insert into SHOPMASTER.ATTACHMENT (ATT_NO,ATT_NAME,ATT_DATE,ATT_LEVEL,ATT_STATUS,PRODUCT_NO) values (298,'20210623_013144727_986.jpg',to_date('','RR/MM/DD'),1,'N',108);
Insert into SHOPMASTER.ATTACHMENT (ATT_NO,ATT_NAME,ATT_DATE,ATT_LEVEL,ATT_STATUS,PRODUCT_NO) values (299,'20210622_174028412_41.png',to_date('','RR/MM/DD'),1,'N',109);
Insert into SHOPMASTER.ATTACHMENT (ATT_NO,ATT_NAME,ATT_DATE,ATT_LEVEL,ATT_STATUS,PRODUCT_NO) values (300,'Nike.jpg',to_date('','RR/MM/DD'),1,'N',110);
Insert into SHOPMASTER.ATTACHMENT (ATT_NO,ATT_NAME,ATT_DATE,ATT_LEVEL,ATT_STATUS,PRODUCT_NO) values (301,'VG-R 런닝화 검흰 CK7583-2.jpg',to_date('','RR/MM/DD'),1,'Y',111);
Insert into SHOPMASTER.ATTACHMENT (ATT_NO,ATT_NAME,ATT_DATE,ATT_LEVEL,ATT_STATUS,PRODUCT_NO) values (302,'20210622_173846793_338.jpeg',to_date('','RR/MM/DD'),1,'Y',115);
REM INSERTING into SHOPMASTER.BANK
SET DEFINE OFF;
Insert into SHOPMASTER.BANK (BANK_CODE,BANK_NAME) values ('KB','KB');
Insert into SHOPMASTER.BANK (BANK_CODE,BANK_NAME) values ('SH','신한');
Insert into SHOPMASTER.BANK (BANK_CODE,BANK_NAME) values ('WR','우리');
Insert into SHOPMASTER.BANK (BANK_CODE,BANK_NAME) values ('CH','축협');
Insert into SHOPMASTER.BANK (BANK_CODE,BANK_NAME) values ('SU','수협');
Insert into SHOPMASTER.BANK (BANK_CODE,BANK_NAME) values ('IBK','IBK');
Insert into SHOPMASTER.BANK (BANK_CODE,BANK_NAME) values ('NH','농협');
REM INSERTING into SHOPMASTER.CART
SET DEFINE OFF;
Insert into SHOPMASTER.CART (CART_NO,MEMBER_NO,CART_QUANTITY,CART_SIZE,PRODUCT_NO) values (139,4,1,'260',104);
Insert into SHOPMASTER.CART (CART_NO,MEMBER_NO,CART_QUANTITY,CART_SIZE,PRODUCT_NO) values (140,4,1,'260',100);
Insert into SHOPMASTER.CART (CART_NO,MEMBER_NO,CART_QUANTITY,CART_SIZE,PRODUCT_NO) values (141,4,1,'250',99);
Insert into SHOPMASTER.CART (CART_NO,MEMBER_NO,CART_QUANTITY,CART_SIZE,PRODUCT_NO) values (142,4,1,'260',102);
Insert into SHOPMASTER.CART (CART_NO,MEMBER_NO,CART_QUANTITY,CART_SIZE,PRODUCT_NO) values (10071,2,1,'260',100);
Insert into SHOPMASTER.CART (CART_NO,MEMBER_NO,CART_QUANTITY,CART_SIZE,PRODUCT_NO) values (10072,16,1,'260',100);
Insert into SHOPMASTER.CART (CART_NO,MEMBER_NO,CART_QUANTITY,CART_SIZE,PRODUCT_NO) values (150,4,1,'250',104);
Insert into SHOPMASTER.CART (CART_NO,MEMBER_NO,CART_QUANTITY,CART_SIZE,PRODUCT_NO) values (152,2,1,'260',104);
Insert into SHOPMASTER.CART (CART_NO,MEMBER_NO,CART_QUANTITY,CART_SIZE,PRODUCT_NO) values (10070,2,1,'260',100);
REM INSERTING into SHOPMASTER.MEMBER
SET DEFINE OFF;
Insert into SHOPMASTER.MEMBER (MEMBER_NO,MEMBER_ID,MEMBER_NICKNAME,MEMBER_PW,MEMBER_NAME,EMAIL,PHONE,ADDRESS,ENROLL_DATE,BRAND_NAME,ACCOUNT_NUMBER,LOGIN_TYPE,BANK_CODE) values (4,'helpmez','helpmez','$2a$10$OoGm8ohPA.RiSwJ0EqbUneRso4Ih2hXHLBVm1ffm/UhkuOtfQsYOK','이순신','helpmez@helpmez.com','01012344321','경기 안산시 상록구 양상동 167-1,333',to_date('','RR/MM/DD'),'중고','111-222-321234',2,'SH');
Insert into SHOPMASTER.MEMBER (MEMBER_NO,MEMBER_ID,MEMBER_NICKNAME,MEMBER_PW,MEMBER_NAME,EMAIL,PHONE,ADDRESS,ENROLL_DATE,BRAND_NAME,ACCOUNT_NUMBER,LOGIN_TYPE,BANK_CODE) values (16,'helpmez4','asbbbbd','$2a$10$4JAVPAmiuYHtPlxJaVnaIOH35FXfmKHaXf5E4xAeeLtAHjzOL.022','test11','test@test.com','0101233345','경기 화성시 경기대로 979 (병점동, 병점아시아자동차전문학원),111',to_date('','RR/MM/DD'),'중고','143-124-523523',2,'KB');
Insert into SHOPMASTER.MEMBER (MEMBER_NO,MEMBER_ID,MEMBER_NICKNAME,MEMBER_PW,MEMBER_NAME,EMAIL,PHONE,ADDRESS,ENROLL_DATE,BRAND_NAME,ACCOUNT_NUMBER,LOGIN_TYPE,BANK_CODE) values (17,'adidas','adidas','$2a$10$lmiWbT9g5eLk0fNxQS7uauOacjtIKnADOv72tS8u8SH0AaZBhYftC',null,'adidas@adidas.com','0312342345','서울 강남구 신사동 536-20,3',to_date('','RR/MM/DD'),'ADIDAS','111-333-333333',1,'KB');
Insert into SHOPMASTER.MEMBER (MEMBER_NO,MEMBER_ID,MEMBER_NICKNAME,MEMBER_PW,MEMBER_NAME,EMAIL,PHONE,ADDRESS,ENROLL_DATE,BRAND_NAME,ACCOUNT_NUMBER,LOGIN_TYPE,BANK_CODE) values (1,'nikeshop','nikeshop','$2a$10$H9OtzVMTpLJ4TgBAO0Jg1u7iq6L3fcFSnSg3xJIDK.XiMxsd7Jz/a',null,'nike@nike.com','01012341234','경기 안산시 상록구 수암길 33-7 (수암동),301',to_date('','RR/MM/DD'),'NIKE','111-111-11111111',1,'SH');
Insert into SHOPMASTER.MEMBER (MEMBER_NO,MEMBER_ID,MEMBER_NICKNAME,MEMBER_PW,MEMBER_NAME,EMAIL,PHONE,ADDRESS,ENROLL_DATE,BRAND_NAME,ACCOUNT_NUMBER,LOGIN_TYPE,BANK_CODE) values (2,'helpmez3','helpmez3','$2a$10$zgRSabGty4UXuBqfltYF.Ov/osjjsPkXrkYW3.oGcrqCMPiWEYUpm','이재원3','helpmez3@naver.com','010123412344','서울 강동구 아리수로 46-4 (암사동),333',to_date('','RR/MM/DD'),'중고','111-222-333333',2,'NH');
Insert into SHOPMASTER.MEMBER (MEMBER_NO,MEMBER_ID,MEMBER_NICKNAME,MEMBER_PW,MEMBER_NAME,EMAIL,PHONE,ADDRESS,ENROLL_DATE,BRAND_NAME,ACCOUNT_NUMBER,LOGIN_TYPE,BANK_CODE) values (3,'burberry','burberry','$2a$10$U85NHISyQNBgWFhsXGwlcefYPm.KwEtjx1ErHfsJMC1VhGAUkqz5C',null,'burberry@burberry.com','01065465463','광주 광산구 오운양촌길 8-1 (오운동),111',to_date('','RR/MM/DD'),'burberry','141-142-141435',1,'SH');
REM INSERTING into SHOPMASTER.O_ORDER
SET DEFINE OFF;
Insert into SHOPMASTER.O_ORDER (ORDER_NO,RECEIVER_NAME,ORDER_ADDRESS,ORDER_DATE,ORDER_MEMO,TOTAL_PRICE,MEMBER_NO) values (431,'이순신','경기 안산시 상록구 양상동 167-1 333',to_date('','RR/MM/DD'),'없음',650000,4);
Insert into SHOPMASTER.O_ORDER (ORDER_NO,RECEIVER_NAME,ORDER_ADDRESS,ORDER_DATE,ORDER_MEMO,TOTAL_PRICE,MEMBER_NO) values (432,'이순신','경기 안산시 상록구 양상동 167-1 333',to_date('','RR/MM/DD'),'없음',170000,4);
Insert into SHOPMASTER.O_ORDER (ORDER_NO,RECEIVER_NAME,ORDER_ADDRESS,ORDER_DATE,ORDER_MEMO,TOTAL_PRICE,MEMBER_NO) values (433,'이재원3','서울 강동구 아리수로 46-4 (암사동) 333',to_date('','RR/MM/DD'),'없음',170000,2);
Insert into SHOPMASTER.O_ORDER (ORDER_NO,RECEIVER_NAME,ORDER_ADDRESS,ORDER_DATE,ORDER_MEMO,TOTAL_PRICE,MEMBER_NO) values (436,'이순신','경기 안산시 상록구 양상동 167-1 333',to_date('','RR/MM/DD'),'없음',170000,4);
Insert into SHOPMASTER.O_ORDER (ORDER_NO,RECEIVER_NAME,ORDER_ADDRESS,ORDER_DATE,ORDER_MEMO,TOTAL_PRICE,MEMBER_NO) values (438,'이재원3','서울 강동구 아리수로 46-4 (암사동) 333',to_date('','RR/MM/DD'),'없음',450000,2);
Insert into SHOPMASTER.O_ORDER (ORDER_NO,RECEIVER_NAME,ORDER_ADDRESS,ORDER_DATE,ORDER_MEMO,TOTAL_PRICE,MEMBER_NO) values (437,'이재원3','서울 강동구 아리수로 46-4 (암사동) 333',to_date('','RR/MM/DD'),'없음',170000,2);
Insert into SHOPMASTER.O_ORDER (ORDER_NO,RECEIVER_NAME,ORDER_ADDRESS,ORDER_DATE,ORDER_MEMO,TOTAL_PRICE,MEMBER_NO) values (439,'이재원3','서울 강동구 아리수로 46-4 (암사동) 333',to_date('','RR/MM/DD'),'없음',1000,2);
Insert into SHOPMASTER.O_ORDER (ORDER_NO,RECEIVER_NAME,ORDER_ADDRESS,ORDER_DATE,ORDER_MEMO,TOTAL_PRICE,MEMBER_NO) values (440,'이재원3','서울 강동구 아리수로 46-4 (암사동) 333',to_date('','RR/MM/DD'),'없음',1000,2);
Insert into SHOPMASTER.O_ORDER (ORDER_NO,RECEIVER_NAME,ORDER_ADDRESS,ORDER_DATE,ORDER_MEMO,TOTAL_PRICE,MEMBER_NO) values (441,'test11','경기 화성시 경기대로 979 (병점동  병점아시아자동차전문학원)',to_date('','RR/MM/DD'),'test',1000,16);
Insert into SHOPMASTER.O_ORDER (ORDER_NO,RECEIVER_NAME,ORDER_ADDRESS,ORDER_DATE,ORDER_MEMO,TOTAL_PRICE,MEMBER_NO) values (442,'test11','경기 화성시 경기대로 979 (병점동  병점아시아자동차전문학원)',to_date('','RR/MM/DD'),'없음',170000,16);
Insert into SHOPMASTER.O_ORDER (ORDER_NO,RECEIVER_NAME,ORDER_ADDRESS,ORDER_DATE,ORDER_MEMO,TOTAL_PRICE,MEMBER_NO) values (443,'test11','경기 화성시 경기대로 979 (병점동  병점아시아자동차전문학원)',to_date('','RR/MM/DD'),'없음',170000,16);
Insert into SHOPMASTER.O_ORDER (ORDER_NO,RECEIVER_NAME,ORDER_ADDRESS,ORDER_DATE,ORDER_MEMO,TOTAL_PRICE,MEMBER_NO) values (444,'이재원3','서울 강동구 아리수로 46-4 (암사동) 333',to_date('','RR/MM/DD'),'없음',650000,2);
Insert into SHOPMASTER.O_ORDER (ORDER_NO,RECEIVER_NAME,ORDER_ADDRESS,ORDER_DATE,ORDER_MEMO,TOTAL_PRICE,MEMBER_NO) values (445,'이재원3','서울 강동구 아리수로 46-4 (암사동) 333',to_date('','RR/MM/DD'),'없음',650000,2);
Insert into SHOPMASTER.O_ORDER (ORDER_NO,RECEIVER_NAME,ORDER_ADDRESS,ORDER_DATE,ORDER_MEMO,TOTAL_PRICE,MEMBER_NO) values (446,'이재원3','서울 강동구 아리수로 46-4 (암사동) 333',to_date('','RR/MM/DD'),'없음',170000,2);
Insert into SHOPMASTER.O_ORDER (ORDER_NO,RECEIVER_NAME,ORDER_ADDRESS,ORDER_DATE,ORDER_MEMO,TOTAL_PRICE,MEMBER_NO) values (447,'이재원3','서울 강동구 아리수로 46-4 (암사동) 333',to_date('','RR/MM/DD'),'없음',650000,2);
Insert into SHOPMASTER.O_ORDER (ORDER_NO,RECEIVER_NAME,ORDER_ADDRESS,ORDER_DATE,ORDER_MEMO,TOTAL_PRICE,MEMBER_NO) values (448,'이재원3','서울 강동구 아리수로 46-4 (암사동) 333',to_date('','RR/MM/DD'),'없음',170000,2);
Insert into SHOPMASTER.O_ORDER (ORDER_NO,RECEIVER_NAME,ORDER_ADDRESS,ORDER_DATE,ORDER_MEMO,TOTAL_PRICE,MEMBER_NO) values (449,'이재원3','서울 강동구 아리수로 46-4 (암사동) 333',to_date('','RR/MM/DD'),'없음',170000,2);
Insert into SHOPMASTER.O_ORDER (ORDER_NO,RECEIVER_NAME,ORDER_ADDRESS,ORDER_DATE,ORDER_MEMO,TOTAL_PRICE,MEMBER_NO) values (450,'이재원3','서울 강동구 아리수로 46-4 (암사동) 333',to_date('','RR/MM/DD'),'없음',170000,2);
Insert into SHOPMASTER.O_ORDER (ORDER_NO,RECEIVER_NAME,ORDER_ADDRESS,ORDER_DATE,ORDER_MEMO,TOTAL_PRICE,MEMBER_NO) values (451,'test11','경기 화성시 경기대로 979 (병점동  병점아시아자동차전문학원)',to_date('','RR/MM/DD'),'없음',650000,16);
Insert into SHOPMASTER.O_ORDER (ORDER_NO,RECEIVER_NAME,ORDER_ADDRESS,ORDER_DATE,ORDER_MEMO,TOTAL_PRICE,MEMBER_NO) values (452,'test11','경기 화성시 경기대로 979 (병점동  병점아시아자동차전문학원)',to_date('','RR/MM/DD'),'없음',650000,16);
Insert into SHOPMASTER.O_ORDER (ORDER_NO,RECEIVER_NAME,ORDER_ADDRESS,ORDER_DATE,ORDER_MEMO,TOTAL_PRICE,MEMBER_NO) values (453,'test11','경기 화성시 경기대로 979 (병점동  병점아시아자동차전문학원)',to_date('','RR/MM/DD'),'없음',650000,16);
Insert into SHOPMASTER.O_ORDER (ORDER_NO,RECEIVER_NAME,ORDER_ADDRESS,ORDER_DATE,ORDER_MEMO,TOTAL_PRICE,MEMBER_NO) values (454,'이재원3','서울 강동구 아리수로 46-4 (암사동) 333',to_date('','RR/MM/DD'),'없음',100,2);
Insert into SHOPMASTER.O_ORDER (ORDER_NO,RECEIVER_NAME,ORDER_ADDRESS,ORDER_DATE,ORDER_MEMO,TOTAL_PRICE,MEMBER_NO) values (455,'이재원3','서울 강동구 아리수로 46-4 (암사동) 333',to_date('','RR/MM/DD'),'없음',100,2);
Insert into SHOPMASTER.O_ORDER (ORDER_NO,RECEIVER_NAME,ORDER_ADDRESS,ORDER_DATE,ORDER_MEMO,TOTAL_PRICE,MEMBER_NO) values (456,'test11','경기 화성시 경기대로 979 (병점동  병점아시아자동차전문학원)',to_date('','RR/MM/DD'),'없음',11,16);
Insert into SHOPMASTER.O_ORDER (ORDER_NO,RECEIVER_NAME,ORDER_ADDRESS,ORDER_DATE,ORDER_MEMO,TOTAL_PRICE,MEMBER_NO) values (457,'이재원3','서울 강동구 아리수로 46-4 (암사동) 333',to_date('','RR/MM/DD'),'없음',555,2);
REM INSERTING into SHOPMASTER.O_ORDER_LIST
SET DEFINE OFF;
Insert into SHOPMASTER.O_ORDER_LIST (ORDER_QUANTITY,ORDER_NO,PRODUCT_NO,ORDER_STATUS,ORDER_SIZE) values (1,431,98,4,240);
Insert into SHOPMASTER.O_ORDER_LIST (ORDER_QUANTITY,ORDER_NO,PRODUCT_NO,ORDER_STATUS,ORDER_SIZE) values (1,432,104,4,250);
Insert into SHOPMASTER.O_ORDER_LIST (ORDER_QUANTITY,ORDER_NO,PRODUCT_NO,ORDER_STATUS,ORDER_SIZE) values (1,433,104,4,260);
Insert into SHOPMASTER.O_ORDER_LIST (ORDER_QUANTITY,ORDER_NO,PRODUCT_NO,ORDER_STATUS,ORDER_SIZE) values (1,434,104,1,240);
Insert into SHOPMASTER.O_ORDER_LIST (ORDER_QUANTITY,ORDER_NO,PRODUCT_NO,ORDER_STATUS,ORDER_SIZE) values (1,435,104,1,250);
Insert into SHOPMASTER.O_ORDER_LIST (ORDER_QUANTITY,ORDER_NO,PRODUCT_NO,ORDER_STATUS,ORDER_SIZE) values (1,436,104,3,250);
Insert into SHOPMASTER.O_ORDER_LIST (ORDER_QUANTITY,ORDER_NO,PRODUCT_NO,ORDER_STATUS,ORDER_SIZE) values (1,437,104,4,240);
Insert into SHOPMASTER.O_ORDER_LIST (ORDER_QUANTITY,ORDER_NO,PRODUCT_NO,ORDER_STATUS,ORDER_SIZE) values (1,438,97,4,240);
Insert into SHOPMASTER.O_ORDER_LIST (ORDER_QUANTITY,ORDER_NO,PRODUCT_NO,ORDER_STATUS,ORDER_SIZE) values (1,450,104,4,240);
Insert into SHOPMASTER.O_ORDER_LIST (ORDER_QUANTITY,ORDER_NO,PRODUCT_NO,ORDER_STATUS,ORDER_SIZE) values (1,451,98,4,260);
Insert into SHOPMASTER.O_ORDER_LIST (ORDER_QUANTITY,ORDER_NO,PRODUCT_NO,ORDER_STATUS,ORDER_SIZE) values (1,452,98,4,260);
Insert into SHOPMASTER.O_ORDER_LIST (ORDER_QUANTITY,ORDER_NO,PRODUCT_NO,ORDER_STATUS,ORDER_SIZE) values (1,453,98,4,250);
Insert into SHOPMASTER.O_ORDER_LIST (ORDER_QUANTITY,ORDER_NO,PRODUCT_NO,ORDER_STATUS,ORDER_SIZE) values (1,429,89,4,260);
Insert into SHOPMASTER.O_ORDER_LIST (ORDER_QUANTITY,ORDER_NO,PRODUCT_NO,ORDER_STATUS,ORDER_SIZE) values (1,430,96,4,240);
Insert into SHOPMASTER.O_ORDER_LIST (ORDER_QUANTITY,ORDER_NO,PRODUCT_NO,ORDER_STATUS,ORDER_SIZE) values (1,454,108,3,260);
Insert into SHOPMASTER.O_ORDER_LIST (ORDER_QUANTITY,ORDER_NO,PRODUCT_NO,ORDER_STATUS,ORDER_SIZE) values (1,455,109,4,260);
Insert into SHOPMASTER.O_ORDER_LIST (ORDER_QUANTITY,ORDER_NO,PRODUCT_NO,ORDER_STATUS,ORDER_SIZE) values (1,456,110,3,250);
Insert into SHOPMASTER.O_ORDER_LIST (ORDER_QUANTITY,ORDER_NO,PRODUCT_NO,ORDER_STATUS,ORDER_SIZE) values (1,457,111,1,250);
REM INSERTING into SHOPMASTER.PURCHASE
SET DEFINE OFF;
Insert into SHOPMASTER.PURCHASE (ORDER_NO,PURCHASE_STATUS,MEMBER_NO) values (431,3,4);
Insert into SHOPMASTER.PURCHASE (ORDER_NO,PURCHASE_STATUS,MEMBER_NO) values (432,3,4);
Insert into SHOPMASTER.PURCHASE (ORDER_NO,PURCHASE_STATUS,MEMBER_NO) values (433,3,2);
Insert into SHOPMASTER.PURCHASE (ORDER_NO,PURCHASE_STATUS,MEMBER_NO) values (436,3,4);
Insert into SHOPMASTER.PURCHASE (ORDER_NO,PURCHASE_STATUS,MEMBER_NO) values (437,3,2);
Insert into SHOPMASTER.PURCHASE (ORDER_NO,PURCHASE_STATUS,MEMBER_NO) values (438,3,2);
Insert into SHOPMASTER.PURCHASE (ORDER_NO,PURCHASE_STATUS,MEMBER_NO) values (443,1,16);
Insert into SHOPMASTER.PURCHASE (ORDER_NO,PURCHASE_STATUS,MEMBER_NO) values (444,1,2);
Insert into SHOPMASTER.PURCHASE (ORDER_NO,PURCHASE_STATUS,MEMBER_NO) values (445,1,2);
Insert into SHOPMASTER.PURCHASE (ORDER_NO,PURCHASE_STATUS,MEMBER_NO) values (446,1,2);
Insert into SHOPMASTER.PURCHASE (ORDER_NO,PURCHASE_STATUS,MEMBER_NO) values (447,1,2);
Insert into SHOPMASTER.PURCHASE (ORDER_NO,PURCHASE_STATUS,MEMBER_NO) values (450,3,2);
Insert into SHOPMASTER.PURCHASE (ORDER_NO,PURCHASE_STATUS,MEMBER_NO) values (451,3,16);
Insert into SHOPMASTER.PURCHASE (ORDER_NO,PURCHASE_STATUS,MEMBER_NO) values (452,3,16);
Insert into SHOPMASTER.PURCHASE (ORDER_NO,PURCHASE_STATUS,MEMBER_NO) values (453,3,16);
Insert into SHOPMASTER.PURCHASE (ORDER_NO,PURCHASE_STATUS,MEMBER_NO) values (454,3,2);
Insert into SHOPMASTER.PURCHASE (ORDER_NO,PURCHASE_STATUS,MEMBER_NO) values (455,3,2);
Insert into SHOPMASTER.PURCHASE (ORDER_NO,PURCHASE_STATUS,MEMBER_NO) values (456,3,16);
Insert into SHOPMASTER.PURCHASE (ORDER_NO,PURCHASE_STATUS,MEMBER_NO) values (457,1,2);
REM INSERTING into SHOPMASTER.PRODUCT
SET DEFINE OFF;
Insert into SHOPMASTER.PRODUCT (PRODUCT_NO,PRODUCT_NAME,PRODUCT_DETAIL,PRODUCT_SIZEINFO,PRODUCT_SIZE,PRODUCT_PRICE,PRODUCT_STOCK_240,PRODUCT_STOCK_250,PRODUCT_STOCK_260,PRODUCT_TYPE,MEMBER_NO,PRODUCT_STATUS,PRODUCT_CATEGORY,PRODUCT_TOT_RATING,PRODUCT_TOT_RATINGNUM,SECOND_BRAND_NAME,PRODUCT_STOCK_270,PRODUCT_STOCK_280) values (97,'버버리 모노그램 토 펌프스','겉감: 송아지 가죽 100%

트리밍: 브라스 100%

안감: 양가죽 85%, 폴리에스테르 10% 

폴리우레탄5% 

밑창: 가죽 100%

구성품: 텍, 더스트, 보증서, 케이스','색상명: Black

굽 높이: 4cm',null,450000,3,5,2,1,3,'Y',3,10,3,'N',0,0);
Insert into SHOPMASTER.PRODUCT (PRODUCT_NO,PRODUCT_NAME,PRODUCT_DETAIL,PRODUCT_SIZEINFO,PRODUCT_SIZE,PRODUCT_PRICE,PRODUCT_STOCK_240,PRODUCT_STOCK_250,PRODUCT_STOCK_260,PRODUCT_TYPE,MEMBER_NO,PRODUCT_STATUS,PRODUCT_CATEGORY,PRODUCT_TOT_RATING,PRODUCT_TOT_RATINGNUM,SECOND_BRAND_NAME,PRODUCT_STOCK_270,PRODUCT_STOCK_280) values (98,'버버리 폴리시드 레더 로퍼','고광택 폴리싱 처리된 가죽 소재로 제작된 버버리의 로퍼는 토마스 버버리 모노그램이 들어간 메탈 로고 문양 장식으로 포인트를 주었습니다.

겉감: 가죽 

안감: 가죽 

밑창: 가죽

라운드 토 

더스트 백 포함 

박스 포함','색상명: Black 

반 사이즈 이신 경우, 한 사이즈 올려서 선택하십시오.',null,650000,2,4,7,1,3,'Y',2,13,4,'N',0,0);
Insert into SHOPMASTER.PRODUCT (PRODUCT_NO,PRODUCT_NAME,PRODUCT_DETAIL,PRODUCT_SIZEINFO,PRODUCT_SIZE,PRODUCT_PRICE,PRODUCT_STOCK_240,PRODUCT_STOCK_250,PRODUCT_STOCK_260,PRODUCT_TYPE,MEMBER_NO,PRODUCT_STATUS,PRODUCT_CATEGORY,PRODUCT_TOT_RATING,PRODUCT_TOT_RATINGNUM,SECOND_BRAND_NAME,PRODUCT_STOCK_270,PRODUCT_STOCK_280) values (99,'중고상품 test','브랜드 :
구매가 :
구매장소 : 
구입시기 : 
착용 횟수 :
상태 : 
특이사항 : 
상품 링크 : 
            ','test','250',100,0,0,1,2,4,'Y',1,0,0,'NIKE',0,0);
Insert into SHOPMASTER.PRODUCT (PRODUCT_NO,PRODUCT_NAME,PRODUCT_DETAIL,PRODUCT_SIZEINFO,PRODUCT_SIZE,PRODUCT_PRICE,PRODUCT_STOCK_240,PRODUCT_STOCK_250,PRODUCT_STOCK_260,PRODUCT_TYPE,MEMBER_NO,PRODUCT_STATUS,PRODUCT_CATEGORY,PRODUCT_TOT_RATING,PRODUCT_TOT_RATINGNUM,SECOND_BRAND_NAME,PRODUCT_STOCK_270,PRODUCT_STOCK_280) values (100,'중고TEST2','브랜드 :
구매가 :
구매장소 : 
구입시기 : 
착용 횟수 :
상태 : 
특이사항 : 
상품 링크 : 
            ',null,'260',1000,0,0,1,2,4,'Y',1,0,0,'NIKE',0,0);
Insert into SHOPMASTER.PRODUCT (PRODUCT_NO,PRODUCT_NAME,PRODUCT_DETAIL,PRODUCT_SIZEINFO,PRODUCT_SIZE,PRODUCT_PRICE,PRODUCT_STOCK_240,PRODUCT_STOCK_250,PRODUCT_STOCK_260,PRODUCT_TYPE,MEMBER_NO,PRODUCT_STATUS,PRODUCT_CATEGORY,PRODUCT_TOT_RATING,PRODUCT_TOT_RATINGNUM,SECOND_BRAND_NAME,PRODUCT_STOCK_270,PRODUCT_STOCK_280) values (101,'중고TEST3','브랜드 :
구매가 :
구매장소 : 
구입시기 : 
착용 횟수 :
상태 : 
특이사항 : 
상품 링크 : 
            ','d',null,300,0,0,1,2,4,'Y',1,0,0,'ETC',0,0);
Insert into SHOPMASTER.PRODUCT (PRODUCT_NO,PRODUCT_NAME,PRODUCT_DETAIL,PRODUCT_SIZEINFO,PRODUCT_SIZE,PRODUCT_PRICE,PRODUCT_STOCK_240,PRODUCT_STOCK_250,PRODUCT_STOCK_260,PRODUCT_TYPE,MEMBER_NO,PRODUCT_STATUS,PRODUCT_CATEGORY,PRODUCT_TOT_RATING,PRODUCT_TOT_RATINGNUM,SECOND_BRAND_NAME,PRODUCT_STOCK_270,PRODUCT_STOCK_280) values (102,'중고TEST4','브랜드 :
구매가 :
구매장소 : 
구입시기 : 
착용 횟수 :
상태 : 
특이사항 : 
상품 링크 : 
            ','test','260',400,0,0,1,2,4,'Y',1,0,0,'NIKE',0,0);
Insert into SHOPMASTER.PRODUCT (PRODUCT_NO,PRODUCT_NAME,PRODUCT_DETAIL,PRODUCT_SIZEINFO,PRODUCT_SIZE,PRODUCT_PRICE,PRODUCT_STOCK_240,PRODUCT_STOCK_250,PRODUCT_STOCK_260,PRODUCT_TYPE,MEMBER_NO,PRODUCT_STATUS,PRODUCT_CATEGORY,PRODUCT_TOT_RATING,PRODUCT_TOT_RATINGNUM,SECOND_BRAND_NAME,PRODUCT_STOCK_270,PRODUCT_STOCK_280) values (103,'샌들 TEST','브랜드 :
구매가 :
구매장소 : 
구입시기 : 
착용 횟수 :
상태 : 
특이사항 : 
상품 링크 : 
            ','test','250',5000,0,1,0,2,4,'Y',5,0,0,'ETC',0,0);
Insert into SHOPMASTER.PRODUCT (PRODUCT_NO,PRODUCT_NAME,PRODUCT_DETAIL,PRODUCT_SIZEINFO,PRODUCT_SIZE,PRODUCT_PRICE,PRODUCT_STOCK_240,PRODUCT_STOCK_250,PRODUCT_STOCK_260,PRODUCT_TYPE,MEMBER_NO,PRODUCT_STATUS,PRODUCT_CATEGORY,PRODUCT_TOT_RATING,PRODUCT_TOT_RATINGNUM,SECOND_BRAND_NAME,PRODUCT_STOCK_270,PRODUCT_STOCK_280) values (104,'나이키 운동화 에어맥스 VG-R 런닝화 검흰 CK7583-002','갑피:소가죽,폴리에스테르100%, 

중창:폴리우레탄,열가소성 폴리우레탄, 

밑창:고무100%','색상명: Black

굽 높이 : 4cm','1',170000,0,4,3,1,1,'Y',1,20,4,'N',0,0);
Insert into SHOPMASTER.PRODUCT (PRODUCT_NO,PRODUCT_NAME,PRODUCT_DETAIL,PRODUCT_SIZEINFO,PRODUCT_SIZE,PRODUCT_PRICE,PRODUCT_STOCK_240,PRODUCT_STOCK_250,PRODUCT_STOCK_260,PRODUCT_TYPE,MEMBER_NO,PRODUCT_STATUS,PRODUCT_CATEGORY,PRODUCT_TOT_RATING,PRODUCT_TOT_RATINGNUM,SECOND_BRAND_NAME,PRODUCT_STOCK_270,PRODUCT_STOCK_280) values (108,'test','브랜드 :
구매가 :
구매장소 : 
구입시기 : 
착용 횟수 :
상태 : 
특이사항 : 
상품 링크 : 
            ','test','260',100,0,0,0,2,2,'N',1,0,1,'ETC',0,0);
Insert into SHOPMASTER.PRODUCT (PRODUCT_NO,PRODUCT_NAME,PRODUCT_DETAIL,PRODUCT_SIZEINFO,PRODUCT_SIZE,PRODUCT_PRICE,PRODUCT_STOCK_240,PRODUCT_STOCK_250,PRODUCT_STOCK_260,PRODUCT_TYPE,MEMBER_NO,PRODUCT_STATUS,PRODUCT_CATEGORY,PRODUCT_TOT_RATING,PRODUCT_TOT_RATINGNUM,SECOND_BRAND_NAME,PRODUCT_STOCK_270,PRODUCT_STOCK_280) values (109,'중고테스트','브랜드 :
구매가 :
구매장소 : 
구입시기 : 
착용 횟수 :
상태 : 
특이사항 : 
상품 링크 : 
            ','ㅇㅇ','260',100,0,0,0,2,16,'N',1,5,1,'ETC',0,0);
Insert into SHOPMASTER.PRODUCT (PRODUCT_NO,PRODUCT_NAME,PRODUCT_DETAIL,PRODUCT_SIZEINFO,PRODUCT_SIZE,PRODUCT_PRICE,PRODUCT_STOCK_240,PRODUCT_STOCK_250,PRODUCT_STOCK_260,PRODUCT_TYPE,MEMBER_NO,PRODUCT_STATUS,PRODUCT_CATEGORY,PRODUCT_TOT_RATING,PRODUCT_TOT_RATINGNUM,SECOND_BRAND_NAME,PRODUCT_STOCK_270,PRODUCT_STOCK_280) values (110,'삭제테스트','브랜드 :
구매가 :
구매장소 : 
구입시기 : 
착용 횟수 :
상태 : 
특이사항 : 
상품 링크 : 
            ','11','250',11,0,0,0,2,2,'N',1,0,0,'NIKE',0,0);
Insert into SHOPMASTER.PRODUCT (PRODUCT_NO,PRODUCT_NAME,PRODUCT_DETAIL,PRODUCT_SIZEINFO,PRODUCT_SIZE,PRODUCT_PRICE,PRODUCT_STOCK_240,PRODUCT_STOCK_250,PRODUCT_STOCK_260,PRODUCT_TYPE,MEMBER_NO,PRODUCT_STATUS,PRODUCT_CATEGORY,PRODUCT_TOT_RATING,PRODUCT_TOT_RATINGNUM,SECOND_BRAND_NAME,PRODUCT_STOCK_270,PRODUCT_STOCK_280) values (111,'중고 구매확정 테스트','브랜드 :
구매가 :
구매장소 : 
구입시기 : 
착용 횟수 :
상태 : 
특이사항 : 
상품 링크 : 
            ','11','250',555,0,0,0,2,16,'Y',1,0,0,'ETC',0,0);
Insert into SHOPMASTER.PRODUCT (PRODUCT_NO,PRODUCT_NAME,PRODUCT_DETAIL,PRODUCT_SIZEINFO,PRODUCT_SIZE,PRODUCT_PRICE,PRODUCT_STOCK_240,PRODUCT_STOCK_250,PRODUCT_STOCK_260,PRODUCT_TYPE,MEMBER_NO,PRODUCT_STATUS,PRODUCT_CATEGORY,PRODUCT_TOT_RATING,PRODUCT_TOT_RATINGNUM,SECOND_BRAND_NAME,PRODUCT_STOCK_270,PRODUCT_STOCK_280) values (115,'123123','test','test',null,10000,1,1,2,1,1,'Y',1,0,0,'N',2,1);
REM INSERTING into SHOPMASTER.REVIEW
SET DEFINE OFF;
Insert into SHOPMASTER.REVIEW (REVIEW_NO,REVIEW_CONTENTS,REVIEW_DATE,REVIEW_TITLE,MEMBER_NO,PRODUCT_NO,ORDER_NO,REVIEW_RATING,REVIEWATT_NAME) values (46,'그것빼곤 만족합니다',to_date('','RR/MM/DD'),'색이 화면이랑 달라서 실망이에요',4,98,431,3,'NO_IMAGE.png');
Insert into SHOPMASTER.REVIEW (REVIEW_NO,REVIEW_CONTENTS,REVIEW_DATE,REVIEW_TITLE,MEMBER_NO,PRODUCT_NO,ORDER_NO,REVIEW_RATING,REVIEWATT_NAME) values (47,'착용감 실물 모두 만족입니다착용감 실물 모두 만족입니다착용감 실물 모두 만족입니다착용감 실물 모두 만족입니다착용감 실물 모두 만족입니다착용감 실물 모두 만족입니다착용감 실물 모두 만족입니다착용감 실물 모두 만족입니다착용감 실물 모두 만족입니다착용감 실물 모두 만족입니다니다',to_date('','RR/MM/DD'),'착용감 실물 모두 만족입니다착용감 실물 모두 만족입니다',2,104,433,5,'NO_IMAGE.png');
Insert into SHOPMASTER.REVIEW (REVIEW_NO,REVIEW_CONTENTS,REVIEW_DATE,REVIEW_TITLE,MEMBER_NO,PRODUCT_NO,ORDER_NO,REVIEW_RATING,REVIEWATT_NAME) values (48,'오래 신을거같아요',to_date('','RR/MM/DD'),'착용감 실물 모두 만족입니다',4,104,432,5,'20210622_174028415_752.png');
Insert into SHOPMASTER.REVIEW (REVIEW_NO,REVIEW_CONTENTS,REVIEW_DATE,REVIEW_TITLE,MEMBER_NO,PRODUCT_NO,ORDER_NO,REVIEW_RATING,REVIEWATT_NAME) values (49,'test',to_date('','RR/MM/DD'),'이미지 test',2,97,438,5,'20210622_174028415_752.png');
Insert into SHOPMASTER.REVIEW (REVIEW_NO,REVIEW_CONTENTS,REVIEW_DATE,REVIEW_TITLE,MEMBER_NO,PRODUCT_NO,ORDER_NO,REVIEW_RATING,REVIEWATT_NAME) values (50,'test',to_date('','RR/MM/DD'),'이미지 test',2,104,450,5,null);
Insert into SHOPMASTER.REVIEW (REVIEW_NO,REVIEW_CONTENTS,REVIEW_DATE,REVIEW_TITLE,MEMBER_NO,PRODUCT_NO,ORDER_NO,REVIEW_RATING,REVIEWATT_NAME) values (51,'ddd',to_date('','RR/MM/DD'),'이미지 test',2,104,437,5,'20210622_174028415_752.png');
Insert into SHOPMASTER.REVIEW (REVIEW_NO,REVIEW_CONTENTS,REVIEW_DATE,REVIEW_TITLE,MEMBER_NO,PRODUCT_NO,ORDER_NO,REVIEW_RATING,REVIEWATT_NAME) values (52,'test',to_date('','RR/MM/DD'),'noimage test',16,98,451,4,null);
Insert into SHOPMASTER.REVIEW (REVIEW_NO,REVIEW_CONTENTS,REVIEW_DATE,REVIEW_TITLE,MEMBER_NO,PRODUCT_NO,ORDER_NO,REVIEW_RATING,REVIEWATT_NAME) values (53,'test',to_date('','RR/MM/DD'),'이미지 없음',16,98,452,5,null);
Insert into SHOPMASTER.REVIEW (REVIEW_NO,REVIEW_CONTENTS,REVIEW_DATE,REVIEW_TITLE,MEMBER_NO,PRODUCT_NO,ORDER_NO,REVIEW_RATING,REVIEWATT_NAME) values (54,'test',to_date('','RR/MM/DD'),'noimage test',16,98,453,1,'NO_IMAGE.png');
Insert into SHOPMASTER.REVIEW (REVIEW_NO,REVIEW_CONTENTS,REVIEW_DATE,REVIEW_TITLE,MEMBER_NO,PRODUCT_NO,ORDER_NO,REVIEW_RATING,REVIEWATT_NAME) values (55,'123',to_date('','RR/MM/DD'),'123',2,109,455,5,'NO_IMAGE.png');
REM INSERTING into SHOPMASTER.REVIEWATT
SET DEFINE OFF;
REM INSERTING into SHOPMASTER.SALE_LIST
SET DEFINE OFF;
Insert into SHOPMASTER.SALE_LIST (ORDER_NO,SALE_STATUS,MEMBER_NO) values (431,1,4);
Insert into SHOPMASTER.SALE_LIST (ORDER_NO,SALE_STATUS,MEMBER_NO) values (432,1,4);
Insert into SHOPMASTER.SALE_LIST (ORDER_NO,SALE_STATUS,MEMBER_NO) values (433,1,2);
Insert into SHOPMASTER.SALE_LIST (ORDER_NO,SALE_STATUS,MEMBER_NO) values (436,1,4);
Insert into SHOPMASTER.SALE_LIST (ORDER_NO,SALE_STATUS,MEMBER_NO) values (438,1,2);
Insert into SHOPMASTER.SALE_LIST (ORDER_NO,SALE_STATUS,MEMBER_NO) values (437,1,2);
Insert into SHOPMASTER.SALE_LIST (ORDER_NO,SALE_STATUS,MEMBER_NO) values (443,1,16);
Insert into SHOPMASTER.SALE_LIST (ORDER_NO,SALE_STATUS,MEMBER_NO) values (444,1,2);
Insert into SHOPMASTER.SALE_LIST (ORDER_NO,SALE_STATUS,MEMBER_NO) values (445,1,2);
Insert into SHOPMASTER.SALE_LIST (ORDER_NO,SALE_STATUS,MEMBER_NO) values (446,1,2);
Insert into SHOPMASTER.SALE_LIST (ORDER_NO,SALE_STATUS,MEMBER_NO) values (447,1,2);
Insert into SHOPMASTER.SALE_LIST (ORDER_NO,SALE_STATUS,MEMBER_NO) values (450,1,2);
Insert into SHOPMASTER.SALE_LIST (ORDER_NO,SALE_STATUS,MEMBER_NO) values (451,1,16);
Insert into SHOPMASTER.SALE_LIST (ORDER_NO,SALE_STATUS,MEMBER_NO) values (452,1,16);
Insert into SHOPMASTER.SALE_LIST (ORDER_NO,SALE_STATUS,MEMBER_NO) values (453,1,16);
Insert into SHOPMASTER.SALE_LIST (ORDER_NO,SALE_STATUS,MEMBER_NO) values (454,1,2);
Insert into SHOPMASTER.SALE_LIST (ORDER_NO,SALE_STATUS,MEMBER_NO) values (455,1,2);
Insert into SHOPMASTER.SALE_LIST (ORDER_NO,SALE_STATUS,MEMBER_NO) values (456,1,16);
Insert into SHOPMASTER.SALE_LIST (ORDER_NO,SALE_STATUS,MEMBER_NO) values (457,1,2);
-- 내부 생성기를 시도하는 DBMS_METADATA로 SHOPMASTER.PK_ATTACHMENT 객체에 대한 INDEX DDL을 렌더링할 수 없습니다.
CREATE UNIQUE INDEX PK_ATTACHMENT ON ATTACHMENT (ATT_NO ASC) 
LOGGING 
TABLESPACE SYSTEM 
PCTFREE 10 
INITRANS 2 
STORAGE 
( 
  INITIAL 65536 
  NEXT 1048576 
  MINEXTENTS 1 
  MAXEXTENTS UNLIMITED 
  FREELISTS 1 
  FREELIST GROUPS 1 
  BUFFER_POOL DEFAULT 
) 
NOPARALLEL
-- 내부 생성기를 시도하는 DBMS_METADATA로 SHOPMASTER.PK_BANK 객체에 대한 INDEX DDL을 렌더링할 수 없습니다.
CREATE UNIQUE INDEX PK_BANK ON BANK (BANK_CODE ASC) 
LOGGING 
TABLESPACE SYSTEM 
PCTFREE 10 
INITRANS 2 
STORAGE 
( 
  INITIAL 65536 
  NEXT 1048576 
  MINEXTENTS 1 
  MAXEXTENTS UNLIMITED 
  FREELISTS 1 
  FREELIST GROUPS 1 
  BUFFER_POOL DEFAULT 
) 
NOPARALLEL
-- 내부 생성기를 시도하는 DBMS_METADATA로 SHOPMASTER.SYS_C0011046 객체에 대한 INDEX DDL을 렌더링할 수 없습니다.
CREATE UNIQUE INDEX SYS_C0011046 ON BANK (BANK_NAME ASC) 
LOGGING 
TABLESPACE SYSTEM 
PCTFREE 10 
INITRANS 2 
STORAGE 
( 
  INITIAL 65536 
  NEXT 1048576 
  MINEXTENTS 1 
  MAXEXTENTS UNLIMITED 
  FREELISTS 1 
  FREELIST GROUPS 1 
  BUFFER_POOL DEFAULT 
) 
NOPARALLEL
-- 내부 생성기를 시도하는 DBMS_METADATA로 SHOPMASTER.PK_CART 객체에 대한 INDEX DDL을 렌더링할 수 없습니다.
CREATE UNIQUE INDEX PK_CART ON CART (CART_NO ASC) 
LOGGING 
TABLESPACE SYSTEM 
PCTFREE 10 
INITRANS 2 
STORAGE 
( 
  INITIAL 65536 
  NEXT 1048576 
  MINEXTENTS 1 
  MAXEXTENTS UNLIMITED 
  FREELISTS 1 
  FREELIST GROUPS 1 
  BUFFER_POOL DEFAULT 
) 
NOPARALLEL
-- 내부 생성기를 시도하는 DBMS_METADATA로 SHOPMASTER.SYS_C0011061 객체에 대한 INDEX DDL을 렌더링할 수 없습니다.
CREATE UNIQUE INDEX SYS_C0011061 ON MEMBER (PHONE ASC) 
LOGGING 
TABLESPACE SYSTEM 
PCTFREE 10 
INITRANS 2 
STORAGE 
( 
  INITIAL 65536 
  NEXT 1048576 
  MINEXTENTS 1 
  MAXEXTENTS UNLIMITED 
  FREELISTS 1 
  FREELIST GROUPS 1 
  BUFFER_POOL DEFAULT 
) 
NOPARALLEL
-- 내부 생성기를 시도하는 DBMS_METADATA로 SHOPMASTER.SYS_C0011062 객체에 대한 INDEX DDL을 렌더링할 수 없습니다.
CREATE UNIQUE INDEX SYS_C0011062 ON MEMBER (ACCOUNT_NUMBER ASC) 
LOGGING 
TABLESPACE SYSTEM 
PCTFREE 10 
INITRANS 2 
STORAGE 
( 
  INITIAL 65536 
  NEXT 1048576 
  MINEXTENTS 1 
  MAXEXTENTS UNLIMITED 
  FREELISTS 1 
  FREELIST GROUPS 1 
  BUFFER_POOL DEFAULT 
) 
NOPARALLEL
-- 내부 생성기를 시도하는 DBMS_METADATA로 SHOPMASTER.PK_MEMBER 객체에 대한 INDEX DDL을 렌더링할 수 없습니다.
CREATE UNIQUE INDEX PK_MEMBER ON MEMBER (MEMBER_NO ASC) 
LOGGING 
TABLESPACE SYSTEM 
PCTFREE 10 
INITRANS 2 
STORAGE 
( 
  INITIAL 65536 
  NEXT 1048576 
  MINEXTENTS 1 
  MAXEXTENTS UNLIMITED 
  FREELISTS 1 
  FREELIST GROUPS 1 
  BUFFER_POOL DEFAULT 
) 
NOPARALLEL
-- 내부 생성기를 시도하는 DBMS_METADATA로 SHOPMASTER.SYS_C0011057 객체에 대한 INDEX DDL을 렌더링할 수 없습니다.
CREATE UNIQUE INDEX SYS_C0011057 ON MEMBER (MEMBER_ID ASC) 
LOGGING 
TABLESPACE SYSTEM 
PCTFREE 10 
INITRANS 2 
STORAGE 
( 
  INITIAL 65536 
  NEXT 1048576 
  MINEXTENTS 1 
  MAXEXTENTS UNLIMITED 
  FREELISTS 1 
  FREELIST GROUPS 1 
  BUFFER_POOL DEFAULT 
) 
NOPARALLEL
-- 내부 생성기를 시도하는 DBMS_METADATA로 SHOPMASTER.SYS_C0011058 객체에 대한 INDEX DDL을 렌더링할 수 없습니다.
CREATE UNIQUE INDEX SYS_C0011058 ON MEMBER (MEMBER_NICKNAME ASC) 
LOGGING 
TABLESPACE SYSTEM 
PCTFREE 10 
INITRANS 2 
STORAGE 
( 
  INITIAL 65536 
  NEXT 1048576 
  MINEXTENTS 1 
  MAXEXTENTS UNLIMITED 
  FREELISTS 1 
  FREELIST GROUPS 1 
  BUFFER_POOL DEFAULT 
) 
NOPARALLEL
-- 내부 생성기를 시도하는 DBMS_METADATA로 SHOPMASTER.SYS_C0011059 객체에 대한 INDEX DDL을 렌더링할 수 없습니다.
CREATE UNIQUE INDEX SYS_C0011059 ON MEMBER (MEMBER_PW ASC) 
LOGGING 
TABLESPACE SYSTEM 
PCTFREE 10 
INITRANS 2 
STORAGE 
( 
  INITIAL 65536 
  NEXT 1048576 
  MINEXTENTS 1 
  MAXEXTENTS UNLIMITED 
  FREELISTS 1 
  FREELIST GROUPS 1 
  BUFFER_POOL DEFAULT 
) 
NOPARALLEL
-- 내부 생성기를 시도하는 DBMS_METADATA로 SHOPMASTER.SYS_C0011060 객체에 대한 INDEX DDL을 렌더링할 수 없습니다.
CREATE UNIQUE INDEX SYS_C0011060 ON MEMBER (EMAIL ASC) 
LOGGING 
TABLESPACE SYSTEM 
PCTFREE 10 
INITRANS 2 
STORAGE 
( 
  INITIAL 65536 
  NEXT 1048576 
  MINEXTENTS 1 
  MAXEXTENTS UNLIMITED 
  FREELISTS 1 
  FREELIST GROUPS 1 
  BUFFER_POOL DEFAULT 
) 
NOPARALLEL
-- 내부 생성기를 시도하는 DBMS_METADATA로 SHOPMASTER.PK_ORDER 객체에 대한 INDEX DDL을 렌더링할 수 없습니다.
CREATE UNIQUE INDEX PK_ORDER ON O_ORDER (ORDER_NO ASC) 
LOGGING 
TABLESPACE SYSTEM 
PCTFREE 10 
INITRANS 2 
STORAGE 
( 
  INITIAL 65536 
  NEXT 1048576 
  MINEXTENTS 1 
  MAXEXTENTS UNLIMITED 
  FREELISTS 1 
  FREELIST GROUPS 1 
  BUFFER_POOL DEFAULT 
) 
NOPARALLEL
-- 내부 생성기를 시도하는 DBMS_METADATA로 SHOPMASTER.PK_PURCHASE 객체에 대한 INDEX DDL을 렌더링할 수 없습니다.
CREATE UNIQUE INDEX PK_PURCHASE ON PURCHASE (ORDER_NO ASC) 
LOGGING 
TABLESPACE SYSTEM 
PCTFREE 10 
INITRANS 2 
STORAGE 
( 
  INITIAL 65536 
  NEXT 1048576 
  MINEXTENTS 1 
  MAXEXTENTS UNLIMITED 
  FREELISTS 1 
  FREELIST GROUPS 1 
  BUFFER_POOL DEFAULT 
) 
NOPARALLEL
-- 내부 생성기를 시도하는 DBMS_METADATA로 SHOPMASTER.PK_PRODUCT 객체에 대한 INDEX DDL을 렌더링할 수 없습니다.
CREATE UNIQUE INDEX PK_PRODUCT ON PRODUCT (PRODUCT_NO ASC) 
LOGGING 
TABLESPACE SYSTEM 
PCTFREE 10 
INITRANS 2 
STORAGE 
( 
  INITIAL 65536 
  NEXT 1048576 
  MINEXTENTS 1 
  MAXEXTENTS UNLIMITED 
  FREELISTS 1 
  FREELIST GROUPS 1 
  BUFFER_POOL DEFAULT 
) 
NOPARALLEL
-- 내부 생성기를 시도하는 DBMS_METADATA로 SHOPMASTER.SYS_C0011075 객체에 대한 INDEX DDL을 렌더링할 수 없습니다.
CREATE UNIQUE INDEX SYS_C0011075 ON PRODUCT (PRODUCT_NAME ASC) 
LOGGING 
TABLESPACE SYSTEM 
PCTFREE 10 
INITRANS 2 
STORAGE 
( 
  INITIAL 65536 
  NEXT 1048576 
  MINEXTENTS 1 
  MAXEXTENTS UNLIMITED 
  FREELISTS 1 
  FREELIST GROUPS 1 
  BUFFER_POOL DEFAULT 
) 
NOPARALLEL
-- 내부 생성기를 시도하는 DBMS_METADATA로 SHOPMASTER.PK_REVIEW 객체에 대한 INDEX DDL을 렌더링할 수 없습니다.
CREATE UNIQUE INDEX PK_REVIEW ON REVIEW (REVIEW_NO ASC) 
LOGGING 
TABLESPACE SYSTEM 
PCTFREE 10 
INITRANS 2 
STORAGE 
( 
  INITIAL 65536 
  NEXT 1048576 
  MINEXTENTS 1 
  MAXEXTENTS UNLIMITED 
  FREELISTS 1 
  FREELIST GROUPS 1 
  BUFFER_POOL DEFAULT 
) 
NOPARALLEL
-- 내부 생성기를 시도하는 DBMS_METADATA로 SHOPMASTER.REVIEWATT_PK 객체에 대한 INDEX DDL을 렌더링할 수 없습니다.
CREATE UNIQUE INDEX REVIEWATT_PK ON REVIEWATT (REVIEWATT_NO ASC) 
LOGGING 
TABLESPACE SYSTEM 
PCTFREE 10 
INITRANS 2 
STORAGE 
( 
  INITIAL 65536 
  NEXT 1048576 
  MINEXTENTS 1 
  MAXEXTENTS UNLIMITED 
  FREELISTS 1 
  FREELIST GROUPS 1 
  BUFFER_POOL DEFAULT 
) 
NOPARALLEL
-- 내부 생성기를 시도하는 DBMS_METADATA로 SHOPMASTER.PK_SALE_LIST 객체에 대한 INDEX DDL을 렌더링할 수 없습니다.
CREATE UNIQUE INDEX PK_SALE_LIST ON SALE_LIST (ORDER_NO ASC) 
LOGGING 
TABLESPACE SYSTEM 
PCTFREE 10 
INITRANS 2 
STORAGE 
( 
  INITIAL 65536 
  NEXT 1048576 
  MINEXTENTS 1 
  MAXEXTENTS UNLIMITED 
  FREELISTS 1 
  FREELIST GROUPS 1 
  BUFFER_POOL DEFAULT 
) 
NOPARALLEL
-- 내부 생성기를 시도하는 DBMS_METADATA로 SHOPMASTER.TRG_PRODUCT_STOCK 객체에 대한 TRIGGER DDL을 렌더링할 수 없습니다.
CREATE TRIGGER shopmaster.TRG_PRODUCT_STOCK 
AFTER INSERT
ON O_ORDER_LIST
FOR EACH ROW
    BEGIN
        IF :NEW.ORDER_SIZE = 240
        THEN 
            UPDATE PRODUCT
            SET product_stock_240 = 
            CASE 
                WHEN product_stock_240 - :NEW.ORDER_QUANTITY < 0 THEN 0
                WHEN product_stock_240 - :NEW.ORDER_QUANTITY >= 0 THEN product_stock_240 - :NEW.ORDER_QUANTITY
            END
            WHERE PRODUCT_NO = :NEW.PRODUCT_NO;
        END IF;
        IF :NEW.ORDER_SIZE = 250
        THEN 
            UPDATE PRODUCT
            SET product_stock_250 = 
            CASE 
                WHEN product_stock_250 - :NEW.ORDER_QUANTITY < 0 THEN 0
                WHEN product_stock_250 - :NEW.ORDER_QUANTITY >= 0 THEN product_stock_250 - :NEW.ORDER_QUANTITY
            END
            WHERE PRODUCT_NO = :NEW.PRODUCT_NO;
        END IF;
        IF :NEW.ORDER_SIZE = 260
        THEN 
            UPDATE PRODUCT
            SET product_stock_260 = 
            CASE 
                WHEN product_stock_260 - :NEW.ORDER_QUANTITY < 0 THEN 0
                WHEN product_stock_260 - :NEW.ORDER_QUANTITY >= 0 THEN product_stock_260 - :NEW.ORDER_QUANTITY
            END
            WHERE PRODUCT_NO = :NEW.PRODUCT_NO;
        END IF;
         IF :NEW.ORDER_SIZE = 270
        THEN 
            UPDATE PRODUCT
            SET product_stock_270 = 
            CASE 
                WHEN product_stock_250 - :NEW.ORDER_QUANTITY < 0 THEN 0
                WHEN product_stock_250 - :NEW.ORDER_QUANTITY >= 0 THEN product_stock_250 - :NEW.ORDER_QUANTITY
            END
            WHERE PRODUCT_NO = :NEW.PRODUCT_NO;
        END IF;
        IF :NEW.ORDER_SIZE = 280
        THEN 
            UPDATE PRODUCT
            SET product_stock_280 = 
            CASE 
                WHEN product_stock_260 - :NEW.ORDER_QUANTITY < 0 THEN 0
                WHEN product_stock_260 - :NEW.ORDER_QUANTITY >= 0 THEN product_stock_260 - :NEW.ORDER_QUANTITY
            END
            WHERE PRODUCT_NO = :NEW.PRODUCT_NO;
        END IF;
    END;
-- 내부 생성기를 시도하는 DBMS_METADATA로 SHOPMASTER.TRG_ORDER_STATUS_REVIEW 객체에 대한 TRIGGER DDL을 렌더링할 수 없습니다.
CREATE TRIGGER shopmaster.TRG_ORDER_STATUS_REVIEW 
AFTER INSERT
ON REVIEW
FOR EACH ROW
    BEGIN
        UPDATE O_ORDER_LIST
        SET ORDER_STATUS = 4
        WHERE :NEW.PRODUCT_NO = PRODUCT_NO
        AND :NEW.ORDER_NO = ORDER_NO;
    END;
